codigo	descricao	unidade_medida	cpc	codigo_secao	codigo_divisao	codigo_grupo	codigo_classe	codigo_subclasse	id	offset	item_filename
5070	Manutenção de Linhas de Distribuição Energia Elétrica Energizada                                                        	UN	8729	8	87	872	8729		5070	500	servicos.servicos
5088	Manutenção de Usinagem Até 5t                                                                                           	UN	8715	8	87	871	8715		5088	500	servicos.servicos
5096	Manutenção de Usinagem Acima de 5t                                                                                      	UN	8715	8	87	871	8715		5096	500	servicos.servicos
5100	Transporte Marítimo - Internacional / Nacional                                                                          	UN	651	6	65	651			5100	500	servicos.servicos
5118	Transporte Marítimo e Fluvial - Carga  Excepcional  Indivisível                                                         	UN	652	6	65	652			5118	500	servicos.servicos
5126	Transporte Rodoviário - Equipamentos Elétricos de Proteção e Controle                                                   	UN	6433	6	64	643	6433		5126	500	servicos.servicos
5134	Transporte Rodoviário - Óleo Isolante                                                                                   	UN	6433	6	64	643	6433		5134	500	servicos.servicos
5142	Transporte Rodoviário - Carga Pesada ou Dimensões  EspeciaisAté 50t                                                     	UN	6433	6	64	643	6433		5142	500	servicos.servicos
5150	Transporte Rodoviário - Carga Pesada ou Dimensões  Especiaisde 50 Até 100t                                              	UN	6433	6	64	643	6433		5150	500	servicos.servicos
5169	Transporte Rodoviário - Carga Pesada ou Dimensões  Especiaisde 100 Até 150t                                             	UN	6433	6	64	643	6433		5169	500	servicos.servicos
5177	Transporte Rodoviário - Carga Pesada ou Dimensões  Especiaisde 150 Até 200t                                             	UN	6433	6	64	643	6433		5177	500	servicos.servicos
5185	Transporte Rodoviário - Carga Pesada ou Dimensões  EspeciaisAcima de 200t                                               	UN	6433	6	64	643	6433		5185	500	servicos.servicos
5193	Transporte Rodoviário - Substâncias Perigosas /  Graneleiros                                                            	UN	6433	6	64	643	6433		5193	500	servicos.servicos
5207	Transporte Rodoviário - Substâncias  Perigosas por  VeículosComuns                                                      	UN	6433	6	64	643	6433		5207	500	servicos.servicos
5215	Transporte Rodoviário - Postes                                                                                          	UN	6433	6	64	643	6433		5215	500	servicos.servicos
5223	Transporte de Carga de Temperatura Controlada                                                                           	UN	6433	6	64	643	6433		5223	500	servicos.servicos
5231	Transporte Rodoviário - Containers                                                                                      	UN	6433	6	64	643	6433		5231	500	servicos.servicos
5240	Transporte Rodoviário - Veículos                                                                                        	UN	6433	6	64	643	6433		5240	500	servicos.servicos
5258	Remoção de Carga Até 80t                                                                                                	UN	8599	8	85	859	8599		5258	500	servicos.servicos
5266	Remoção de Carga Acima de 80t                                                                                           	UN	8599	8	85	859	8599		5266	500	servicos.servicos
5274	Poda de Árvores em Linhas de Distribuição Desenergizadas                                                                	UN	851	8	85	851			5274	500	servicos.servicos
5282	Poda de Árvores em Linhas de Distribuição Energizadas                                                                   	UN	851	8	85	851			5282	500	servicos.servicos
5290	Instalação / Manutenção - Pisos Elevados                                                                                	UN	5475	5	54	547	5475		5290	500	servicos.servicos
5304	Instalação / Manutenção - Pisos Alta Resistência                                                                        	UN	5475	5	54	547	5475		5304	500	servicos.servicos
5312	Instalação / Manutenção - Piso Geral                                                                                    	UNM2M	5475	5	54	547	5475		5312	500	servicos.servicos
5320	Refeições Industriais - Preparo / Distribuição                                                                          	UNMÊS	632	6	63	632			5320	500	servicos.servicos
5339	Treinamento na Área de Meio Ambiente                                                                                    	UN	929	9	92	929			5339	500	servicos.servicos
5347	Treinamento na Área de Qualidade                                                                                        	UN	929	9	92	929			5347	500	servicos.servicos
5355	Leitura Medidor - Energia Elétrica                                                                                      	UN	851	8	85	851			5355	500	servicos.servicos
5363	Prestação de Serviços de Garçon                                                                                         	UN	8599	8	85	859	8599		5363	500	servicos.servicos
5371	"Prestação de Serviços Especializados ""Inativo""                                                                          "	UN	851	8	85	851			5371	500	servicos.servicos
5380	Prestação de Serviços de Apoio Administrativo                                                                           	UN	911	9	91	911			5380	500	servicos.servicos
5398	Prestação de Serviços de Informática                                                                                    	UN	859	8	85	859			5398	500	servicos.servicos
5401	Locação de Equipamento para Tratamento de Óleo Isolante                                                                 	UN	7329	7	73	732	7329		5401	500	servicos.servicos
5410	Manutenção e Reparo de Móveis / Utensílios de Escritório                                                                	UN	8724	8	87	872	8724		5410	500	servicos.servicos
5428	Manutenção Aparelhos Médicos - Hospitalares                                                                             	UN	8715	8	87	871	8715		5428	500	servicos.servicos
5436	Chaveiro                                                                                                                	UN	839	8	83	839			5436	500	servicos.servicos
5444	Manutenção de Arquivos Fixos, Giratórios ou Móveis                                                                      	UN	8715	8	87	871	8715		5444	500	servicos.servicos
5452	Confecção de Placas /  Quadros /  Distintivos / Artefatos deAcrílico / Metal / Laminado / Pvc                           	UN	8739	8	87	873	8739		5452	500	servicos.servicos
5460	Confecção de Fotolito                                                                                                   	UN	8819	8	88	881	8819		5460	500	servicos.servicos
5479	Manutenção - Equipamentos Gráficos                                                                                      	UN	8715	8	87	871	8715		5479	500	servicos.servicos
5487	Análise Clínica, Anatomia Patológica e Citopatologia                                                                    	UN	9311	9	93	931	9311		5487	500	servicos.servicos
19	Estudos e Projetos Viabilidade Técnico - Econômica  de  Aproveitamento Hidrelétrico                                     	UN	8319	8	83	831	8319		19	0	servicos.servicos
27	Estudos e Projetos de Viabilidade Técnico - Econômica de Usinas Termoelétricas / Termonucleares /Solar Fotovotaica      	UN	8319	8	83	831	8319		27	0	servicos.servicos
35	Estudos e Projetos de Viabilidade Técnico - Econômica de Unidades Industriais                                           	UN	8319	8	83	831	8319		35	0	servicos.servicos
43	Estudos e Projetos Viabilidade Técnico - Econômica de  Recursos Naturais                                                	UN	8319	8	83	831	8319		43	0	servicos.servicos
51	Estudos e Projetos Urbanísticos / Paisagísticos / Arquitetô-nicos                                                       	UN	8319	8	83	831	8319		51	0	servicos.servicos
60	Estudos e Projetos de Assentamento Populacional                                                                         	UN	8319	8	83	831	8319		60	0	servicos.servicos
78	Estudos e Projetos de Arquitetura                                                                                       	UN	8319	8	83	831	8319		78	0	servicos.servicos
86	Estudos e Projetos de Meio Ambiente - Plano Diretor                                                                     	UN	8319	8	83	831	8319		86	0	servicos.servicos
94	Estudos e Projetos de Meio Ambiente - Avaliação e Elaboraçãodo Relatório de Impacto                                     	UN	8319	8	83	831	8319		94	0	servicos.servicos
108	Estudos e Projetos de Meio Ambiente - Confiabilidade e Análise de Risco                                                 	UN	8319	8	83	831	8319		108	0	servicos.servicos
116	Estudos e Projetos de Meio Ambiente Físico                                                                              	UN	8319	8	83	831	8319		116	0	servicos.servicos
124	Estudos e Projetos de Meio Ambiente Biótico                                                                             	UN	8319	8	83	831	8319		124	0	servicos.servicos
132	Estudos e Projetos de Meio Ambiente, Sócio-Econômico, Cultural                                                          	UN	8319	8	83	831	8319		132	0	servicos.servicos
140	Estudos e Projetos de Fundações Diretas e Profundas                                                                     	UN	8319	8	83	831	8319		140	0	servicos.servicos
159	Estudos e Projetos de Cortes, Aterros e Escoramentos                                                                    	UN	8319	8	83	831	8319		159	0	servicos.servicos
167	Estudos e Projetos de Rebaixamento de Lençol D'água                                                                     	UN	8319	8	83	831	8319		167	0	servicos.servicos
175	Estudos e Projetos de Estruturas - Concreto Armado                                                                      	UN	8319	8	83	831	8319		175	0	servicos.servicos
183	Estudos e Projetos de Estruturas - Concreto Protendido                                                                  	M3UN	8319	8	83	831	8319		183	0	servicos.servicos
191	Estudos e Projetos de Estruturas - Metálicas                                                                            	UN	8319	8	83	831	8319		191	0	servicos.servicos
205	Estudos e Projetos de Recuperação e Reforço de Estruturas                                                               	UNM2	8319	8	83	831	8319		205	0	servicos.servicos
213	Estudos e Projetos de Instalação Elétrica                                                                               	UN	8319	8	83	831	8319		213	0	servicos.servicos
221	Estudos e Projetos de Instalação Hidro-Sanitária                                                                        	UN	8319	8	83	831	8319		221	0	servicos.servicos
230	Estudos e Projetos de Instalação Telefônica                                                                             	UN	8319	8	83	831	8319		230	0	servicos.servicos
248	Estudos e Projetos de Instalação de Gás -  Instalações  Pre-Diais / Industriais                                         	UN	8319	8	83	831	8319		248	0	servicos.servicos
256	Estudos e Projetos de Instalação Eletrônica                                                                             	UN	8319	8	83	831	8319		256	0	servicos.servicos
264	Estudos e Projetos - Instalações Prediais                                                                               	UN	8319	8	83	831	8319		264	0	servicos.servicos
272	Estudos e Projetos de Instalação de Som Ambiente                                                                        	UN	8319	8	83	831	8319		272	0	servicos.servicos
280	Estudos e Projetos de Saneamento - Captação, Adução e Distribuição de Água                                              	UN	8319	8	83	831	8319		280	0	servicos.servicos
299	Estudos e Projetos de Saneamento - Tratamento de Água                                                                   	UN	8319	8	83	831	8319		299	0	servicos.servicos
302	Estudos e Projetos de Saneamento - Sistema de Esgoto Sanitá-rio                                                         	UN	8319	8	83	831	8319		302	0	servicos.servicos
310	Estudos e Projetos de Saneamento - Tratamento Despejo Sanitário                                                         	UN	8319	8	83	831	8319		310	0	servicos.servicos
329	Estudos e Projetos de Saneamento - Tratamento Despejo  Industrial                                                       	UN	8319	8	83	831	8319		329	0	servicos.servicos
337	Estudos e Projetos de Saneamento - Sistema de Drenagem Pluvial                                                          	UN	8319	8	83	831	8319		337	0	servicos.servicos
345	Estudos e Projetos de Saneamento - Sistema de Drenagem Industrial                                                       	UN	8319	8	83	831	8319		345	0	servicos.servicos
353	Estudos e Projetos de Tratamento de Rejeitos Radioativos                                                                	UN	8319	8	83	831	8319		353	0	servicos.servicos
361	Estudos e Projetos de Geotecnia e Geologia                                                                              	UN	8319	8	83	831	8319		361	0	servicos.servicos
370	Estudos e Projetos de Barragens e Diques                                                                                	UN	8319	8	83	831	8319		370	0	servicos.servicos
388	Estudos e Projetos de Modelo Reduzido                                                                                   	UN	8319	8	83	831	8319		388	0	servicos.servicos
396	Estudos e Projetos de Obras Marítimas                                                                                   	UN	8319	8	83	831	8319		396	0	servicos.servicos
400	Estudos e Projetos de Hidrologia                                                                                        	UN	8319	8	83	831	8319		400	0	servicos.servicos
418	Estudos e Projetos de Hidrografia e Oceanografia                                                                        	UN	8319	8	83	831	8319		418	0	servicos.servicos
426	Estudos e Projetos de Meteorologia                                                                                      	UN	8319	8	83	831	8319		426	0	servicos.servicos
434	Estudos e Projetos de Túneis                                                                                            	UN	8319	8	83	831	8319		434	0	servicos.servicos
442	Estudos e Projetos de Rodovias                                                                                          	UN	8319	8	83	831	8319		442	0	servicos.servicos
450	Estudos e Projetos de Ferrovias - Pátios e Terminais                                                                    	UN	8319	8	83	831	8319		450	0	servicos.servicos
469	Estudos e Projetos de Aeroportos                                                                                        	UN	8319	8	83	831	8319		469	0	servicos.servicos
477	Ar Condicionado - Estudos e Projetos de Sistema                                                                         	UN	8319	8	83	831	8319		477	0	servicos.servicos
485	Estudos e Projetos de Sistemas de Ventilação e Exaustão Mecânica                                                        	UN	8319	8	83	831	8319		485	0	servicos.servicos
493	Estudos e Projetos de Sistemas de Aquecimento                                                                           	UN	8319	8	83	831	8319		493	0	servicos.servicos
507	Estudos e Projetos de Sistemas de Refrigeração                                                                          	UN	8319	8	83	831	8319		507	0	servicos.servicos
515	Estudos e Projetos de Sistemas de Tubulações Industriais                                                                	UN	8319	8	83	831	8319		515	0	servicos.servicos
523	Estudos e Projetos de Sistemas de Proteção Contra   Incêncio                                                            	UN	8319	8	83	831	8319		523	0	servicos.servicos
531	Estudos e Projetos de Instrumentação e Controle                                                                         	UN	8319	8	83	831	8319		531	0	servicos.servicos
540	ESTUDOS E PROJETOS DE SUBESTAÇÕES DE ENERGIA ELÉTRICA                                                                   								540	0	servicos.servicos
558	ESTUDOS E PROJETOS DE INSTALAÇÃO DE LINHAS DE TRANSMISSÃO DE ENERGIA ELÉTRICA                                           								558	0	servicos.servicos
566	Estudos e Projetos de Instalação de Linhas de   distribuiçãoEnergia Elétrica                                            	UN	8319	8	83	831	8319		566	0	servicos.servicos
574	Estudos e Projetos de Sistemas de Aterramento e Proteção Contra Descarga Atmosféricas                                   	UN	8319	8	83	831	8319		574	0	servicos.servicos
582	Estudos e Projetos de Telecomunicações - Transmissão                                                                    	UN	8319	8	83	831	8319		582	0	servicos.servicos
590	Estudos e Projetos de Comutação Telefônica                                                                              	UN	8319	8	83	831	8319		590	0	servicos.servicos
604	Estudos e Projetos de Comutação Telegráfica                                                                             	UN	8319	8	83	831	8319		604	0	servicos.servicos
612	Estudos e Projetos de Comunicação de Dados                                                                              	UN	8319	8	83	831	8319		612	0	servicos.servicos
620	Estudos e Projetos de Redes de Telecomunicações                                                                         	UN	8319	8	83	831	8319		620	0	servicos.servicos
639	Estudos e Projetos de Sistemas de Sinalização    Ferroviária                                                            	UN	8319	8	83	831	8319		639	0	servicos.servicos
5495	Análise Química Bromatológica                                                                                           	UN	9311	9	93	931	9311		5495	500	servicos.servicos
5509	"Instalação de Equipamento Gráfico e Reprográfico ""Inativo""                                                              "	UN	97990	9	97	979	9799	97990	5509	500	servicos.servicos
5517	Manutenção e Reparo de Equipamento Áudio / Visual                                                                       	UN	8715	8	87	871	8715		5517	500	servicos.servicos
5525	Câmbio - Moeda Estrangeira                                                                                              	UN	711	7	71	711			5525	500	servicos.servicos
5533	Despacho de Carga / Encomenda Via  Aérea / Terrestre - Nacional/Internacional                                           	UN	679	6	67	679			5533	500	servicos.servicos
5541	Ortopedia                                                                                                               	UN	9312	9	93	931	9312		5541	500	servicos.servicos
5550	Radiologia Óssea                                                                                                        	UN	9312	9	93	931	9312		5550	500	servicos.servicos
5568	Fisioterapia                                                                                                            	UN	9319	9	93	931	9319		5568	500	servicos.servicos
5576	Banco de Dados - Programa ( Software ) de Gerenciamento                                                                 	UN	1821	1	18	182	1821		5576	500	servicos.servicos
5584	Instalação de Película de Proteção                                                                                      	UNM2	5469	5	54	546	5469		5584	500	servicos.servicos
5592	Instalação / Manutenção Hidrossanitárias                                                                                	UN	8711	8	87	871	8711		5592	500	servicos.servicos
5606	Instalação / Manutenção Elétrica - Predial, Industrial                                                                  	UN	5461	5	54	546	5461		5606	500	servicos.servicos
5614	PROGRAMA (SOFTWARE) DE GERENCIAMENTO DE REDE                                                                            	UN	73310	7	73	733	7331	73310	5614	500	servicos.servicos
5622	Obras Civis Públicas ( Construção )                                                                                     	UN	542	5	54	542			5622	500	servicos.servicos
5630	Serviço Imobiliário                                                                                                     	UN	722	7	72	722			5630	500	servicos.servicos
5649	Enrolamento ( Rebobinamento ) de Campo de Gerador Elétrico                                                              	UN	8715	8	87	871	8715		5649	500	servicos.servicos
5657	Enrolamento de Campo de Motor Elétrico                                                                                  	UN	871	8	87	871			5657	500	servicos.servicos
5665	Enrolamento do Rotor do Gerador Elétrico                                                                                	UN	8715	8	87	871	8715		5665	500	servicos.servicos
5673	Rede - Programa ( Software ) de Gerenciamento                                                                           	UN	73310	7	73	733	7331	73310	5673	500	servicos.servicos
5681	Diagnose e Terapia - Radiodianóstico                                                                                    	UN	9311	9	93	931	9311		5681	500	servicos.servicos
5690	Diagnose e Terapia - Ressonância Magnética                                                                              	UN	9311	9	93	931	9311		5690	500	servicos.servicos
5703	Diagnose e Terapia - Tomografia Computadorizada                                                                         	UN	9311	9	93	931	9311		5703	500	servicos.servicos
5711	Diagnose e Terapia - Ultra-Sonografia                                                                                   	UN	9311	9	93	931	9311		5711	500	servicos.servicos
5720	Manutenção de Aparelho de Raio - X (exceto os de uso Médico-Hospitalar)                                                 	UN	1661	1	16	166	1661		5720	500	servicos.servicos
5738	Manutenção em Processadora de Raio - X                                                                                  	UN	8735	8	87	873	8735		5738	500	servicos.servicos
5746	Manutenção em Aparelho de Ultra - Som                                                                                   	UN	8735	8	87	873	8735		5746	500	servicos.servicos
5754	Manutenção em Aparelho de Ondas - Curtas                                                                                	UN	8735	8	87	873	8735		5754	500	servicos.servicos
5762	Manutenção em Aparelho Eletroestimulador                                                                                	UN	8735	8	87	873	8735		5762	500	servicos.servicos
5770	Manutenção em Aparelho de Microondas                                                                                    	UN	8735	8	87	873	8735		5770	500	servicos.servicos
5789	Instalação/ Manutenção de Vidro Temperado/  Laminado/CristalAcrílico /Em Porta / Janela / Box                           	UN	5471	5	54	547	5471		5789	500	servicos.servicos
5797	Manutenção em Equipamentos de Consultório Odontológico                                                                  	UN	8735	8	87	873	8735		5797	500	servicos.servicos
5800	Instalação / Manutenção Vidro Comum - Porta / Janela                                                                    	UN	5471	5	54	547	5471		5800	500	servicos.servicos
5819	Confecção e Instalação de Cortina                                                                                       	UN	873	8	87	873			5819	500	servicos.servicos
5827	Manutenção / Reparo Máquina Copiadora / Duplicadora                                                                     	UN	8712	8	87	871	8712		5827	500	servicos.servicos
5835	Manutenção em Projetor de Imagem                                                                                        	UN	87159	8	87	871	8715	87159	5835	500	servicos.servicos
5843	Manutenção de Veículos Pesados - Parte Elétrica                                                                         	UN	8714	8	87	871	8714		5843	500	servicos.servicos
5851	Manutenção de Veículos Leves - Parte Elétrica                                                                           	UN	8714	8	87	871	8714		5851	500	servicos.servicos
5860	Manutenção de Veículos Leves - Parte Mecânica                                                                           	UN	8714	8	87	871	8714		5860	500	servicos.servicos
5878	Manutenção de Veículos Pesados - Parte Mecânica                                                                         	UN	8714	8	87	871	8714		5878	500	servicos.servicos
5886	Lanternagem - Veículos Leves                                                                                            	UN	872	8	87	872			5886	500	servicos.servicos
5894	Lanternagem - Veículos Pesados                                                                                          	UN	872	8	87	872			5894	500	servicos.servicos
5908	Serviço Odontológico                                                                                                    	UN	9312	9	93	931	9312		5908	500	servicos.servicos
5916	Consulta Médica - Clínica Geral                                                                                         	UN	9312	9	93	931	9312		5916	500	servicos.servicos
5924	Exame de Otorrinolaringologia                                                                                           	UN	9311	9	93	931	9311		5924	500	servicos.servicos
5932	Ensino Especial - Deficiente Auditivo                                                                                   	UN	929	9	92	929			5932	500	servicos.servicos
5940	Consulta Médica - Otorrinolaringologia ( Ouvido )                                                                       	UN	9312	9	93	931	9312		5940	500	servicos.servicos
5959	Consulta Médica - Fonoaudiologia                                                                                        	UN	9312	9	93	931	9312		5959	500	servicos.servicos
5967	Fonoaudiologia - Terapia                                                                                                	UN	9311	9	93	931	9311		5967	500	servicos.servicos
5975	Manutenção em Máquina Franqueadora Postal                                                                               	UN	8715	8	87	871	8715		5975	500	servicos.servicos
5983	Manutenção em Máquina de Contar Notas e Moedas                                                                          	UN	8715	8	87	871	8715		5983	500	servicos.servicos
5991	Manutenção em Máquina Fragmentadora de Papel                                                                            	UN	8715	8	87	871	8715		5991	500	servicos.servicos
6009	Manutenção em Máquina Autenticadora de Cheque / Documento                                                               	UN	8715	8	87	871	8715		6009	500	servicos.servicos
6017	Manutenção em Máquina de Assinar                                                                                        	UN	8712	8	87	871	8712		6017	500	servicos.servicos
6025	Aplicação de Papel de Parede                                                                                            	UN	5475	5	54	547	5475		6025	500	servicos.servicos
6033	Revestimento de Parede com Cortiça                                                                                      	UN	5475	5	54	547	5475		6033	500	servicos.servicos
6041	Instalação de Tapete / Carpete                                                                                          	UNM2	5475	5	54	547	5475		6041	500	servicos.servicos
6050	Serviço Fotográfico                                                                                                     	UN	8381	8	83	838	8381		6050	500	servicos.servicos
6068	Consulta Médica - Cardiologia / Angiologia                                                                              	UN	9312	9	93	931	9312		6068	500	servicos.servicos
647	Estudos e Projetos de Sistemas de Sinalização Marítima                                                                  	UN	8319	8	83	831	8319		647	0	servicos.servicos
655	Estudos e Projetos de Sistemas de Sinalização Rodoviária                                                                	M	8319	8	83	831	8319		655	0	servicos.servicos
663	Estudos e Projetos de Sistemas de Sinalização Aérea                                                                     	UN	8319	8	83	831	8319		663	0	servicos.servicos
671	Estudos e Projetos de Indústria Naval                                                                                   	UN	8319	8	83	831	8319		671	0	servicos.servicos
680	Auditoria em Área Contábil                                                                                              	UN	822	8	82	822			680	0	servicos.servicos
698	Auditoria em Área Fiscal                                                                                                	UN	822	8	82	822			698	0	servicos.servicos
701	Auditoria em Área Tributária                                                                                            	UN	822	8	82	822			701	0	servicos.servicos
710	Auditoria em Área de Projetos                                                                                           	UN	822	8	82	822			710	0	servicos.servicos
728	Auditoria em Área de Administração                                                                                      	UN	822	8	82	822			728	0	servicos.servicos
736	Auditoria em Área de Processamento de Dados                                                                             	UN	822	8	82	822			736	0	servicos.servicos
744	Consultoria e Assessoria - Organização e Métodos                                                                        	UNH	83111	8	83	831	8311	83111	744	0	servicos.servicos
752	Consultoria e Assessoria - Econômico / Financeira                                                                       	UN	83112	8	83	831	8311	83112	752	0	servicos.servicos
760	Consultoria e Assessoria - Contábil                                                                                     	UN	83112	8	83	831	8311	83112	760	0	servicos.servicos
779	Consultoria e Assessoria - Fiscal                                                                                       	UN	83112	8	83	831	8311	83112	779	0	servicos.servicos
787	Consultoria e Assessoria - Tributária                                                                                   	UN	83112	8	83	831	8311	83112	787	0	servicos.servicos
795	Consultoria e Assessoria - Jurídica                                                                                     	UN	83111	8	83	831	8311	83111	795	0	servicos.servicos
809	Consultoria / Assessoria - Engenharia                                                                                   	UN	83111	8	83	831	8311	83111	809	0	servicos.servicos
817	Consultoria e Assessoria - Meio Ambiente                                                                                	UN	83111	8	83	831	8311	83111	817	0	servicos.servicos
825	Consultoria e Assessoria - Qualidade                                                                                    	UN	83111	8	83	831	8311	83111	825	0	servicos.servicos
833	Consultoria e Assessoria - Informática                                                                                  	UN	1731	1	17	173	1731		833	0	servicos.servicos
841	Consultoria e Assessoria - Recursos Humanos                                                                             	UN	83113	8	83	831	8311	83113	841	0	servicos.servicos
850	Consultoria e Assessoria - Administração de Material                                                                    	UN	83115	8	83	831	8311	83115	850	0	servicos.servicos
868	Comissionamento                                                                                                         	UN	979	9	97	979			868	0	servicos.servicos
876	Perícia, Laudo e Avaliação                                                                                              	UN	8356	8	83	835	8356		876	0	servicos.servicos
884	Pesquisa de Mercado                                                                                                     	UN	837	8	83	837			884	0	servicos.servicos
892	Propaganda e Publicidade                                                                                                	UN	836	8	83	836			892	0	servicos.servicos
906	Seguro / Garantia                                                                                                       	UN	7133	7	71	713	7133		906	0	servicos.servicos
914	Topografia de Faixas                                                                                                    	UN	8353	8	83	835	8353		914	0	servicos.servicos
922	Topografia de Áreas                                                                                                     	UN	8353	8	83	835	8353		922	0	servicos.servicos
930	Aerofotogrametria                                                                                                       	UN	838	8	83	838			930	0	servicos.servicos
949	Sensoriamento Remoto                                                                                                    	UN	8399	8	83	839	8399		949	0	servicos.servicos
957	Batimetria                                                                                                              	UN	835	8	83	835			957	0	servicos.servicos
965	Sondagens Terrestres a Percussão / Rotativo                                                                             	UNM	871	8	87	871			965	0	servicos.servicos
973	Sondagens Terrestres Rotativas                                                                                          	UNM	835	8	83	835			973	0	servicos.servicos
981	Sondagens Subaquáticas                                                                                                  	UN	835	8	83	835			981	0	servicos.servicos
990	Ensaio Geotécnico                                                                                                       	UN	835	8	83	835			990	0	servicos.servicos
1007	Mapeamento Geológico                                                                                                    	UN	835	8	83	835			1007	0	servicos.servicos
6076	Consulta Médica - Endocrinologia                                                                                        	UN	9312	9	93	931	9312		6076	500	servicos.servicos
6084	Consulta Médica - Gastroenterologia                                                                                     	UN	9312	9	93	931	9312		6084	500	servicos.servicos
6092	Consulta Médica - Geriatria / Gerontologia                                                                              	UN	9312	9	93	931	9312		6092	500	servicos.servicos
6106	Consulta Médica - Hepatologia                                                                                           	UN	9312	9	93	931	9312		6106	500	servicos.servicos
6114	Consulta Médica - Hematologia                                                                                           	UN	9312	9	93	931	9312		6114	500	servicos.servicos
6122	Consulta Médica - Infectologia                                                                                          	UN	9312	9	93	931	9312		6122	500	servicos.servicos
6130	Consulta Médica - Neurologia                                                                                            	UN	9312	9	93	931	9312		6130	500	servicos.servicos
6149	Consulta Médica - Pediatria                                                                                             	UN	9312	9	93	931	9312		6149	500	servicos.servicos
6157	Consulta Médica - Pneumologia                                                                                           	UN	9312	9	93	931	9312		6157	500	servicos.servicos
6165	Consulta Médica - Psiquiatria                                                                                           	UN	9312	9	93	931	9312		6165	500	servicos.servicos
6173	Consulta Médica - Reumatologia                                                                                          	UN	9312	9	93	931	9312		6173	500	servicos.servicos
6181	Consulta Médica - Nefrologia                                                                                            	UN	9312	9	93	931	9312		6181	500	servicos.servicos
6190	Nefrologia - Diálise Peritoneal                                                                                         	UN	9311	9	93	931	9311		6190	500	servicos.servicos
6203	Nefrologia - Hemodiálise                                                                                                	UN	9311	9	93	931	9311		6203	500	servicos.servicos
6211	Nefrologia - Hemoperfusao                                                                                               	UN	9311	9	93	931	9311		6211	500	servicos.servicos
6220	Nefrologia - Punção Biópsia Renal Percutânea                                                                            	UN	9311	9	93	931	9311		6220	500	servicos.servicos
6238	Nefrologia - Hemofiltração                                                                                              	UN	9311	9	93	931	9311		6238	500	servicos.servicos
6246	Nefrologia - Plasmaférese                                                                                               	UN	9311	9	93	931	9311		6246	500	servicos.servicos
6254	Nefrologia - Implante de Cateter Venoso Central para Hemodiálise                                                        	UN	9311	9	93	931	9311		6254	500	servicos.servicos
6262	Nefrologia - Diálise Peritoneal Crônica                                                                                 	UN	9311	9	93	931	9311		6262	500	servicos.servicos
6270	Nefrologia - Hemodiálise Crônica                                                                                        	UN	9311	9	93	931	9311		6270	500	servicos.servicos
6289	Nefrologia - Diálise Peritoneal Ambulatorial Contínua (Capd)                                                            	UN	9311	9	93	931	9311		6289	500	servicos.servicos
6297	Nefrologia - Instalação de Cateter Permanente para Diálise  Peritoneal                                                  	UN	9311	9	93	931	9311		6297	500	servicos.servicos
6300	Nefrologia - Retirada de Cateter Tenckhoff                                                                              	UN	9311	9	93	931	9311		6300	500	servicos.servicos
6319	Nefrologia - Transplante Renal                                                                                          	UN	9311	9	93	931	9311		6319	500	servicos.servicos
6327	Nefrologia - Transplante Renal - Punção Aspirativa Renal  para Diagnóstico de Rejeição                                  	UN	9311	9	93	931	9311		6327	500	servicos.servicos
6335	Anestesiologia - Anestesia para Bloqueios Não Convencionais                                                             	UN	9311	9	93	931	9311		6335	500	servicos.servicos
6343	Anestesiologia - Anestesia para Exames Radiológicos e Ultra - Sonográficos - Medicos                                    	UN	9311	9	93	931	9311		6343	500	servicos.servicos
6351	Nutrição Parenteral e Enteral - Procedimentos  Clínicos /   Cirúrgicos em Pacientes Internados.                         	UN	9311	9	93	931	9311		6351	500	servicos.servicos
6360	Alergologia - Aplicação de Hipossensibilizante                                                                          	UN	9311	9	93	931	9311		6360	500	servicos.servicos
6378	Alergologia - Tratamento para Recuperação do Asmático                                                                   	UN	9311	9	93	931	9311		6378	500	servicos.servicos
6386	Alergologia - Hipossensibilização Específica                                                                            	UN	9311	9	93	931	9311		6386	500	servicos.servicos
6394	Alergologia - Hipossensibilização Inespecífica                                                                          	UN	9311	9	93	931	9311		6394	500	servicos.servicos
6408	Alergologia - Hipossensibilização com Produtos Autógenos                                                                	UN	9311	9	93	931	9311		6408	500	servicos.servicos
6416	Alergologia - Provas Imuno-Alérgicas Bacterianas                                                                        	UN	9311	9	93	931	9311		6416	500	servicos.servicos
6424	Alergologia - Provas Imuno-Alérgicas para Fungos                                                                        	UN	9311	9	93	931	9311		6424	500	servicos.servicos
6432	Alergologia - Provas de Provocação                                                                                      	UN	9311	9	93	931	9311		6432	500	servicos.servicos
6440	Alergologia - Provas de Prausnitz-Kustner                                                                               	UN	9311	9	93	931	9311		6440	500	servicos.servicos
6459	Alergologia - Testes Cutâneos de Leitura Imediata                                                                       	UN	9311	9	93	931	9311		6459	500	servicos.servicos
6467	Alergologia - Testes de Contato                                                                                         	UN	9311	9	93	931	9311		6467	500	servicos.servicos
6475	Alergologia - Testes de Contato com Fotossensibilização                                                                 	UN	9311	9	93	931	9311		6475	500	servicos.servicos
6483	"Alergologia - Testes Imuno - Alérgicos "" In Vitro ""                                                                     "	UN	9311	9	93	931	9311		6483	500	servicos.servicos
6491	Cardiologia - Eletrocardiograma - Ecg                                                                                   	UN	9311	9	93	931	9311		6491	500	servicos.servicos
6505	Cardiologia - Teste Ergométrico (Te) em Bicicleta ou em  Es-teira                                                       	UN	9311	9	93	931	9311		6505	500	servicos.servicos
6513	Cardiologia - Monitorização Eletrocardiográfica   Programadacom Transcrição Não Contínua                                	UN	9311	9	93	931	9311		6513	500	servicos.servicos
6521	Cardiologia - Eletrocardiografia Dinâmica Sistema Holter                                                                	UN	9311	9	93	931	9311		6521	500	servicos.servicos
6530	Cardiologia - Ecocardiograma Unidimensional                                                                             	UN	9311	9	93	931	9311		6530	500	servicos.servicos
6548	Cardiologia - Ecocardiograma Bidimensional                                                                              	UN	9311	9	93	931	9311		6548	500	servicos.servicos
6556	Cardiologia - Ecocardiograma Bidimensional com Doppler                                                                  	UN	9311	9	93	931	9311		6556	500	servicos.servicos
6564	Cardiologia - Ecocardiograma Bidimensional com Mapeamento deFluxo a Cores                                               	UN	9311	9	93	931	9311		6564	500	servicos.servicos
6572	Cardiologia - Ecodoppler de Esforço ou Stress Farmacológico                                                             	UN	9311	9	93	931	9311		6572	500	servicos.servicos
6580	Cardiologia - Ecodoppler de Carótidas                                                                                   	UN	9311	9	93	931	9311		6580	500	servicos.servicos
6599	Cardiologia - Ecodoppler Vertebral ou Vascular Periférico                                                               	UN	9311	9	93	931	9311		6599	500	servicos.servicos
6602	Cardiologia - Ecodoppler de Carótidas, Mapeamento de Fluxo aCores                                                       	UN	9311	9	93	931	9311		6602	500	servicos.servicos
6610	Cardiologia - Ecodoppler Fetal                                                                                          	UN	9311	9	93	931	9311		6610	500	servicos.servicos
6629	Cardiologia - Ecodoppler Fetal, Mapeamento de Fluxo a Cores                                                             	UN	9311	9	93	931	9311		6629	500	servicos.servicos
6637	Cardiologia - Ecodoppler Transesofágico                                                                                 	UN	9311	9	93	931	9311		6637	500	servicos.servicos
6645	Cardiologia - Ecodoppler Transoperatório Epicárdico                                                                     	UN	9311	9	93	931	9311		6645	500	servicos.servicos
6653	Cardiologia - Ecodoppler Transoperatório Esofágico                                                                      	UN	9311	9	93	931	9311		6653	500	servicos.servicos
6661	Cardiologia - Fonomecanocardiografia em Papel Fotográfico ouem Inscrição Direta                                         	UN	9311	9	93	931	9311		6661	500	servicos.servicos
6670	Cardiologia - Vectocardiograma em Papel Fotográfico                                                                     	UN	9311	9	93	931	9311		6670	500	servicos.servicos
6688	Cardiologia - Cardioversão Elétrica Eletiva (Avaliação  Clí-nica, Eletrocardiográfica para Desfibrilação )              	UN	9311	9	93	931	9311		6688	500	servicos.servicos
6696	Cardiologia - Marca - Passo Temporário a Beira do Leito.                                                                	UN	9311	9	93	931	9311		6696	500	servicos.servicos
6700	Cardiologia - Monitorização Pré Operatória em Cirurgia Geral                                                            	UN	9311	9	93	931	9311		6700	500	servicos.servicos
6718	Cardiologia - Monitorização de Pressão Arterial                                                                         	UN	9311	9	93	931	9311		6718	500	servicos.servicos
6726	Cardiologia - Cárdio-Estimulação Transesofágica (Cete) Tera-pêutica ou Diagnóstica                                      	UN	9311	9	93	931	9311		6726	500	servicos.servicos
6734	Exame Anatomo Patológico Pré-Operatório                                                                                 	UN	9311	9	93	931	9311		6734	500	servicos.servicos
6742	Exame Anatomo Patológico por Órgão - Bíopsia ou Bíopsia Aspirativa                                                      	UN	9311	9	93	931	9311		6742	500	servicos.servicos
6750	Exame Citopatológico Oncótico de Líquidos ( Ascitico,  Pleu-ral, Urina, Escarro, Etc.)                                  	UN	9311	9	93	931	9311		6750	500	servicos.servicos
6769	Exame Citopatológico Cérvico - Vaginal Oncótico e Microflora                                                            	UN	9311	9	93	931	9311		6769	500	servicos.servicos
6777	Exame Citopatológico Hormonal Seriado                                                                                   	UN	9311	9	93	931	9311		6777	500	servicos.servicos
6785	Necropsia de Adulto e Criança                                                                                           	UN	9311	9	93	931	9311		6785	500	servicos.servicos
6793	Necropsia de Feto                                                                                                       	UN	9311	9	93	931	9311		6793	500	servicos.servicos
6807	Anatomia Patológica e Citopatologia - Revisão de Lâminas                                                                	UN	9311	9	93	931	9311		6807	500	servicos.servicos
6815	Exame Citopatológico Hormonal Isolado                                                                                   	UN	9311	9	93	931	9311		6815	500	servicos.servicos
6823	Anatomia Patológica e Citopatologia - Imunoperoxidase  (por-Anticorpo Primário)                                         	UN	9311	9	93	931	9311		6823	500	servicos.servicos
6831	Ato de Coleta de Punção Aspirativa por Agulha Fina, de Estruturas Cutâneas                                              	UN	9311	9	93	931	9311		6831	500	servicos.servicos
6840	Ato Da Coleta Punção Biópsia Aspirativa, por Agulha Fina, deÓrgão ou Estruturas Cutâneas                                	UN	9311	9	93	931	9311		6840	500	servicos.servicos
6858	Ato Da Coleta Punção Biópsia Aspirativa, por Agulha Fina, deEstrutura Profunda Intravitaria (Torax, Abdominal, Osso)    	UN	9311	9	93	931	9311		6858	500	servicos.servicos
6866	Anatomia Patológica e Citopatologia - Hibridização Molecular                                                            	UN	9311	9	93	931	9311		6866	500	servicos.servicos
6874	Eletroencefalograma em Vigília (sem Foto Estimulação)                                                                   	UN	9311	9	93	931	9311		6874	500	servicos.servicos
6882	Eletroencefalograma em Vigília (com Foto Estimulação)                                                                   	UN	9311	9	93	931	9311		6882	500	servicos.servicos
6890	Eletroencefalograma com Compressão Carotídea                                                                            	UN	9311	9	93	931	9311		6890	500	servicos.servicos
6904	Eletroencefalograma Esfenoidal ou Naso-Faríngeo                                                                         	UN	9311	9	93	931	9311		6904	500	servicos.servicos
6912	Eletroencefalograma em Sono e Vigília                                                                                   	UN	9311	9	93	931	9311		6912	500	servicos.servicos
6920	Ecoencefalograma                                                                                                        	UN	9311	9	93	931	9311		6920	500	servicos.servicos
6939	Electrencefalografia e Neurofisiologia Clínica  -  PotencialEvocado Visual                                              	UN	9311	9	93	931	9311		6939	500	servicos.servicos
6971	Polissonografia                                                                                                         	UN	9311	9	93	931	9311		6971	500	servicos.servicos
6980	Eletroneuromiografia                                                                                                    	UN	9311	9	93	931	9311		6980	500	servicos.servicos
7005	Eletroencefalograma Prolongado                                                                                          	UN	9311	9	93	931	9311		7005	500	servicos.servicos
7013	Mapeamento Cerebral com Potencial Evocado                                                                               	UN	9311	9	93	931	9311		7013	500	servicos.servicos
7021	Mapeamento Cerebral com Eletroencefalograma                                                                             	UN	9311	9	93	931	9311		7021	500	servicos.servicos
7030	Endoscopia Digestiva Diagnóstica  -  ColangiopancreatografiaRetrograda                                                  	UN	9311	9	93	931	9311		7030	500	servicos.servicos
7048	Endoscopia Digestiva Diagnóstica - Colonoscopia                                                                         	UN	9311	9	93	931	9311		7048	500	servicos.servicos
7056	Endoscopia Digestiva Alta - Diagnóstica                                                                                 	UN	9311	9	93	931	9311		7056	500	servicos.servicos
7064	Endoscopia Digestiva Diagnóstica - Laparoscopia                                                                         	UN	9311	9	93	931	9311		7064	500	servicos.servicos
7072	Endoscopia Digestiva Diagnóstica - Retossigmoidoscopia  Rígida / Flexível                                               	UN	9311	9	93	931	9311		7072	500	servicos.servicos
7080	Endoscopia Digestiva Cirúrgica - Colocação de Prótese Coledociana por Via Endoscopica                                   	UN	9311	9	93	931	9311		7080	500	servicos.servicos
7099	Endoscopia Digestiva Cirúrgica - Dilatação Esôfago com Ogivatipo Eder Puestow                                           	UN	9311	9	93	931	9311		7099	500	servicos.servicos
7102	Endoscopia Digestiva Cirúrgica - Dilatação Esôfago com BalãoPneumático                                                  	UN	9311	9	93	931	9311		7102	500	servicos.servicos
1015	Pesquisa Mineral                                                                                                        	UN	835	8	83	835			1015	0	servicos.servicos
1023	Análise Dinâmica de Bases de Equipamentos                                                                               	UN	8399	8	83	839	8399		1023	0	servicos.servicos
1031	Manutenção / Análise Dinâmica de Estruturas                                                                             	UN	83311	8	83	833	8331	83311	1031	0	servicos.servicos
1040	Sismologia                                                                                                              	UN	835	8	83	835			1040	0	servicos.servicos
1058	Controle Tecnológico de Concreto                                                                                        	UN	835	8	83	835			1058	0	servicos.servicos
1066	Controle Tecnológico de Pavimentação                                                                                    	UN	835	8	83	835			1066	0	servicos.servicos
1074	Controle Tecnológico de Materiais de Construção                                                                         	UN	835	8	83	835			1074	0	servicos.servicos
1082	Jateamento                                                                                                              	UN	5479	5	54	547	5479		1082	0	servicos.servicos
1090	Pintura Industrial                                                                                                      	UN	5473	5	54	547	5473		1090	0	servicos.servicos
1104	Galvanização                                                                                                            	UN	8711	8	87	871	8711		1104	0	servicos.servicos
1112	Metalização / Anodização                                                                                                	UN	8711	8	87	871	8711		1112	0	servicos.servicos
1120	Cromação                                                                                                                	UN	8711	8	87	871	8711		1120	0	servicos.servicos
1139	Proteção de Superfícies por Revestimento Polimérico                                                                     	UN	5479	5	54	547	5479		1139	0	servicos.servicos
1147	Proteção Catódica                                                                                                       	UN	5479	5	54	547	5479		1147	0	servicos.servicos
1155	Ensaios Radiográficos, Ultra-Som, Líquido Penetrante e Partículas Magnéticas                                            	UN	9311	9	93	931	9311		1155	0	servicos.servicos
1163	Ensaios Mecânicos                                                                                                       	UN	83569	8	83	835	8356	83569	1163	0	servicos.servicos
1171	Ensaio e Análises Químicas                                                                                              	UN	83569	8	83	835	8356	83569	1171	0	servicos.servicos
1180	Ensaios Elétricos                                                                                                       	UN	83569	8	83	835	8356	83569	1180	0	servicos.servicos
1198	Ensaios Eletrônicos                                                                                                     	UN	83569	8	83	835	8356	83569	1198	0	servicos.servicos
1201	Ensaios Metalúrgicos                                                                                                    	UN	83569	8	83	835	8356	83569	1201	0	servicos.servicos
1210	Inspeções e Testes em Materiais e Equipamentos Elétricos                                                                	UN	8399	8	83	839	8399		1210	0	servicos.servicos
1228	Inspeções e Testes em Equipamentos Elétricos em Operação                                                                	UN	8399	8	83	839	8399		1228	0	servicos.servicos
1236	Prova de Carga                                                                                                          	UN	8399	8	83	839	8399		1236	0	servicos.servicos
1244	Desenvolvimento e Nacionalização de Produtos                                                                            	UN	979	9	97	979			1244	0	servicos.servicos
1252	Subaquático (Mergulho)                                                                                                  	UN	979	9	97	979			1252	0	servicos.servicos
1260	Informática - Manutenção/Instalação Sistemas/Periféricos                                                                	UN	8713	8	87	871	8713		1260	0	servicos.servicos
1279	Informática - Programas Fechados (Software)                                                                             	UN	1821	1	18	182	1821		1279	0	servicos.servicos
1287	Informática - Serviço de Bureau                                                                                         	UN	8399	8	83	839	8399		1287	0	servicos.servicos
1295	Informática - Administração e Operação em Processamento   deDados                                                       	UN	8399	8	83	839	8399		1295	0	servicos.servicos
1309	Regeneração de Lubrificantes                                                                                            	UN	979	9	97	979			1309	0	servicos.servicos
1317	Regeneração de Óleo Isolante                                                                                            	UN	979	9	97	979			1317	0	servicos.servicos
1325	Recuperação de Óleo Isolante                                                                                            	UN	979	9	97	979			1325	0	servicos.servicos
1333	Incineração / Aterramento - Resíduos Industriais / Lixo Especial                                                        	UN	9421	9	94	942	9421		1333	0	servicos.servicos
1341	Supervisão / Gerenciamento / Fiscalização - Projeto Constru-ção / Obras Civis                                           	UN	83352	8	83	833	8335	83352	1341	0	servicos.servicos
1350	Obras Civis de Parques e Praças                                                                                         	UN	547	5	54	547			1350	0	servicos.servicos
1368	Obras Civis de Reflorestamento                                                                                          	UN	5459	5	54	545	5459		1368	0	servicos.servicos
1376	Obras Civis Execução de Desmatamento                                                                                    	UN	5459	5	54	545	5459		1376	0	servicos.servicos
1384	Obras Civis de Terraplenagem                                                                                            	UNM3	5433	5	54	543	5433		1384	0	servicos.servicos
1392	Obras Civis de Pavimentação de Concreto                                                                                 	UNM2M	5454	5	54	545	5454		1392	0	servicos.servicos
1406	Obras Civis de Pavimentação Asfáltica                                                                                   	UNM2	5421	5	54	542	5421		1406	0	servicos.servicos
1414	Obras Civis de Pavimentação Poliedrica                                                                                  	UN	5421	5	54	542	5421		1414	0	servicos.servicos
1422	Obras Civis de Pavimentação de Paralelepípedo                                                                           	UNM2	5421	5	54	542	5421		1422	0	servicos.servicos
1430	Obras Civis de Rebaixamento de Lençol D'água                                                                            	UN	5429	5	54	542	5429		1430	0	servicos.servicos
1449	Obras Civis de Fundações Diretas                                                                                        	UN	5451	5	54	545	5451		1449	0	servicos.servicos
1457	Obras Civis de Fundações em Estacas de Concreto                                                                         	UN	5451	5	54	545	5451		1457	0	servicos.servicos
1465	Obras Civis de Fundações em Estacas Metálicas                                                                           	UN	5451	5	54	545	5451		1465	0	servicos.servicos
1473	Obras Civis de Fundações em Tubulões                                                                                    	UN	5451	5	54	545	5451		1473	0	servicos.servicos
1481	Obras Civis de Fundações Subaquáticas                                                                                   	UN	5451	5	54	545	5451		1481	0	servicos.servicos
1490	Obras Civis de Estruturas de Concreto Armado                                                                            	UN	5454	5	54	545	5454		1490	0	servicos.servicos
1503	Obras Civis de Estruturas de Concreto Protendido                                                                        	UN	5454	5	54	545	5454		1503	0	servicos.servicos
1511	Obras Civis de Estruturas Metálicas                                                                                     	UN	5454	5	54	545	5454		1511	0	servicos.servicos
1520	Obras Civis de Estruturas Pré-Moldadas                                                                                  	UN	5454	5	54	545	5454		1520	0	servicos.servicos
1538	Instalações Prediais Elétricas                                                                                          	UN	5461	5	54	546	5461		1538	0	servicos.servicos
1546	Instalações Prediais Hidro-Sanitárias                                                                                   	UN	5469	5	54	546	5469		1546	0	servicos.servicos
1554	Instalações Prediais Telefônicas                                                                                        	UN	546	5	54	546			1554	0	servicos.servicos
1562	Instalações Prediais de Gás (Obras Civis)                                                                               	UN	546	5	54	546			1562	0	servicos.servicos
1570	Instalações Prediais Eletrônicas (Obras Civis)                                                                          	UN	546	5	54	546			1570	0	servicos.servicos
1589	Instalações Prediais de Comunicação (Obras Civis)                                                                       	UN	546	5	54	546			1589	0	servicos.servicos
1597	Obras Civis Instalações Prediais - Som Ambiente / Sistema Audiovisual                                                   	UN	546	5	54	546			1597	0	servicos.servicos
1600	Obras Civis - Impermeabilização / Cristalização / Revestimento / Tratamento Especial                                    	UNM2	5453	5	54	545	5453		1600	0	servicos.servicos
1619	Obras Civis de Edificação Prediais                                                                                      	UN	541	5	54	541			1619	0	servicos.servicos
1627	Manutenção / Reforma Predial                                                                                            	UN	545	5	54	545			1627	0	servicos.servicos
1635	Obras Civis - Demolições                                                                                                	UNM3	5431	5	54	543	5431		1635	0	servicos.servicos
1643	Obras Civis de Recuperação Estrutural - Injeções em Trincas e Fissuras de Concreto                                      	UN	5452	5	54	545	5452		1643	0	servicos.servicos
1651	Obras Civis de Recuperação Estrutural - Tratamento e  Prote-ção de Armaduras e Superfícies de Concreto                  	UN	5452	5	54	545	5452		1651	0	servicos.servicos
1660	Obras Civis de Recuperação Estrutural - Concreto Projetado                                                              	UN	5452	5	54	545	5452		1660	0	servicos.servicos
1678	Obras Civis de Recuperação Estrutural - Estruturas Metálicas                                                            	UN	5452	5	54	545	5452		1678	0	servicos.servicos
1686	Obras Civis de Muros de Arrimo                                                                                          	UN	5452	5	54	545	5452		1686	0	servicos.servicos
1694	Obras Civis de Cortinas Atirantadas                                                                                     	UN	5452	5	54	545	5452		1694	0	servicos.servicos
1708	Obras Civis de Muros de Gabiões                                                                                         	UN	5452	5	54	545	5452		1708	0	servicos.servicos
1716	Obras Civis de Paredes Diafragma                                                                                        	UN	5452	5	54	545	5452		1716	0	servicos.servicos
1724	Injeções de Cimento (Obras Civis)                                                                                       	UN	5451	5	54	545	5451		1724	0	servicos.servicos
1732	Obras Civis de Atirantamento                                                                                            	UN	5452	5	54	545	5452		1732	0	servicos.servicos
1740	Hidrossemeadura (Obras Civis)                                                                                           	UN	542	5	54	542			1740	0	servicos.servicos
1759	Obras Civis de Pontes e Viadutos - Concreto                                                                             	UN	54512	5	54	545	5451	54512	1759	0	servicos.servicos
1767	Obras Civis de Pontes e Viadutos - Metálicos                                                                            	UN	5422	5	54	542	5422		1767	0	servicos.servicos
1775	Obras Civis de Túneis                                                                                                   	UN	5422	5	54	542	5422		1775	0	servicos.servicos
1783	Obras Civis de Rodovias / Estacionamento                                                                                	UN	542	5	54	542			1783	0	servicos.servicos
1791	Obras Civis de Ferrovias, Pátios e Terminais                                                                            	UN	542	5	54	542			1791	0	servicos.servicos
1805	Obras Civis de Aeroportos                                                                                               	UN	542	5	54	542			1805	0	servicos.servicos
1813	Obras Civis - Execução de Obras Portuárias                                                                              	UN	5459	5	54	545	5459		1813	0	servicos.servicos
1821	Obras Civis de Barragens de Concreto (Estrutural,  Gravidadee Concreto Rolado)                                          	UN	5452	5	54	545	5452		1821	0	servicos.servicos
1830	Obras Civis - Barragens de Enrroçamento                                                                                 	UN	5452	5	54	545	5452		1830	0	servicos.servicos
1848	Obras Civis - Barragens de Terra                                                                                        	UN	542	5	54	542			1848	0	servicos.servicos
1856	Obras Civis - Diques e Ensecadeiras                                                                                     	UN	542	5	54	542			1856	0	servicos.servicos
1864	Obras Civis - Dragagem e Derrocagem                                                                                     	UN	5459	5	54	545	5459		1864	0	servicos.servicos
1872	Obras Civis de Saneamento - Captação, Adução e  Distribuiçãode Água e Esgoto Sanitário                                  	UN	5459	5	54	545	5459		1872	0	servicos.servicos
1880	Obras Civis de Saneamento - Tratamento de Água, Esgoto Sani-tário e Despejo Industrial                                  	UN	5459	5	54	545	5459		1880	0	servicos.servicos
1899	Obras Civis de Saneamento - Sistema de Drenagem Pluvial e Industrial                                                    	UN	5459	5	54	545	5459		1899	0	servicos.servicos
1902	Obras Civis - Perfuração de Poços                                                                                       	M M3	5434	5	54	543	5434		1902	0	servicos.servicos
1910	Obras Civis - Subestações Energia Elétrica                                                                              	UN	5424	5	54	542	5424		1910	0	servicos.servicos
1929	Obras Civis de Linhas de Transmissão de Energia Elétrica                                                                	UN	5424	5	54	542	5424		1929	0	servicos.servicos
1937	Obras Civis de Linhas de Distribuição de Energia Elétrica                                                               	UN	5424	5	54	542	5424		1937	0	servicos.servicos
1945	Obras Civis de Redes de Telecomunicações                                                                                	UN	5459	5	54	545	5459		1945	0	servicos.servicos
1953	Obras Civis de Jardins e Áreas Gramadas                                                                                 	UN	5432	5	54	543	5432		1953	0	servicos.servicos
1961	Instalação e Montagem Equipamentos de Caldeiraria                                                                       	UN	8732	8	87	873	8732		1961	0	servicos.servicos
1970	Instalação / Montagem / Manutenção - Equipamentos Elétricos                                                             	UN	8732	8	87	873	8732		1970	0	servicos.servicos
1988	Manutenção / Instalação / Montagem / Ampliação -  Equipamen-tos de Telecomunicações                                     	UN	8734	8	87	873	8734		1988	0	servicos.servicos
1996	Manutenção / Instalação e Montagem de Intrumentação de  Con-trole                                                       	UN	871	8	87	871			1996	0	servicos.servicos
2003	Instalação e Montagem de Sistemas de Tubulações Industriais                                                             	UN	8739	8	87	873	8739		2003	0	servicos.servicos
7110	Endoscopia Digestiva Cirúrgica - Dilatação Esôfago com Velas                                                            	UN	9311	9	93	931	9311		7110	500	servicos.servicos
7129	Endoscopia Digestiva Cirúrgica - Esclerose Varizes  Esofageanas                                                         	UN	9311	9	93	931	9311		7129	500	servicos.servicos
7137	Endoscopia Digestiva Cirúrgica - Introdução  Endoscópica  dePrótese Esofageana                                          	UN	9311	9	93	931	9311		7137	500	servicos.servicos
7145	Endoscopia Digestiva Cirúrgica - Polipectomia de Esôfago, Estômago ou Duodeno                                           	UN	9311	9	93	931	9311		7145	500	servicos.servicos
7153	Endoscopia Digestiva Cirúrgica - Papilotomia Endoscópica Re-tirada de Cálculos Coledocianos ou Drenagem Biliar          	UN	9311	9	93	931	9311		7153	500	servicos.servicos
7161	Endoscopia Digestiva Cirúrgica - Polipectomia de Cólon                                                                  	UN	9311	9	93	931	9311		7161	500	servicos.servicos
7170	Endoscopia Digestiva Cirúrgica - Retirada de Corpo  Estranhodo Esôfago, Estômago ou Duodeno                             	UN	9311	9	93	931	9311		7170	500	servicos.servicos
7188	Endoscopia Digestiva Cirúrgica - Divertuculectomia do Esôfa-go                                                          	UN	9311	9	93	931	9311		7188	500	servicos.servicos
7196	Endoscopia Digestiva Cirúrgica - Gastrostomia Endoscópica                                                               	UN	9311	9	93	931	9311		7196	500	servicos.servicos
7200	Endoscopia Digestiva Cirúrgica - Passagem de Sonda por Endoscopia                                                       	UN	9311	9	93	931	9311		7200	500	servicos.servicos
7218	Endoscopia Digestiva Cirúrgica - Bíopsia / Citologia (Endos-copia Alta ou Baixa)                                        	UN	9311	9	93	931	9311		7218	500	servicos.servicos
7226	Endoscopia Digestiva Cirúrgica - Esvaziamento Líquido AscÍtico por Laparoscopia                                         	UN	9311	9	93	931	9311		7226	500	servicos.servicos
7234	Endoscopia Digestiva Cirúrgica - Lise de Bridas por Laparos-copia                                                       	UN	9311	9	93	931	9311		7234	500	servicos.servicos
7242	Endoscopia Digestiva Cirúrgica - Hemostasia por Laparoscopia                                                            	UN	9311	9	93	931	9311		7242	500	servicos.servicos
7250	Endoscopia Digestiva Cirúrgica - Drenagem Cavitária por Laparoscopia                                                    	UN	9311	9	93	931	9311		7250	500	servicos.servicos
7269	Endoscopia Digestiva Cirúrgica - Bíopsia por Laparoscopia                                                               	UN	9311	9	93	931	9311		7269	500	servicos.servicos
7277	Endoscopia Digestiva Cirúrgica - Retirada de Corpo  Estranhodo Cólon                                                    	UN	9311	9	93	931	9311		7277	500	servicos.servicos
7285	Endoscopia Digestiva Cirúrgica - Hemostasia do Cólon                                                                    	UN	9311	9	93	931	9311		7285	500	servicos.servicos
7293	Endoscopia Digestiva Cirúrgica - Descompressão Colônica  porColonoscopia                                                	UN	9311	9	93	931	9311		7293	500	servicos.servicos
7307	Endoscopia Digestiva Cirúrgica - Tamponamento de Varizes Esofagianas                                                    	UN	9311	9	93	931	9311		7307	500	servicos.servicos
7315	Endoscopia Digestiva Cirúrgica - Hemostasia em Esôfago, Estômago ou Duodeno (Patologia Não Varicosa)                    	UN	9311	9	93	931	9311		7315	500	servicos.servicos
7323	Laringoscopia Direta para Diagnóstico, Colheita de  Materiale/ou Biópsia                                                	UN	9311	9	93	931	9311		7323	500	servicos.servicos
7331	Laringoscopia Direta com Retirada de Corpo Estranho                                                                     	UN	9311	9	93	931	9311		7331	500	servicos.servicos
7340	Laringoscopia Direta com Exérese de Pólipo / Nódulo / Papiloma                                                          	UN	9311	9	93	931	9311		7340	500	servicos.servicos
7358	Laringoscopia Direta com Microscópia para Exérese de Pólipo/Nódulo                                                      	UN	9311	9	93	931	9311		7358	500	servicos.servicos
7366	Laringoscopia Direta com Microscópia - Exérese de Papiloma                                                              	UN	9311	9	93	931	9311		7366	500	servicos.servicos
7374	Laringoscopia com Laser para Exérese de Papiloma / Pólipo  /Nódulo / Tumor                                              	UN	9311	9	93	931	9311		7374	500	servicos.servicos
7382	Laringoscopia Direta com Dilatação para Estenose                                                                        	UN	9311	9	93	931	9311		7382	500	servicos.servicos
7390	Traqueoscopia para  Diagnóstico,  Colheita  Material  e / ouBiópsia                                                     	UN	9311	9	93	931	9311		7390	500	servicos.servicos
7404	Traqueoscopia com Retirada de Corpo Estranho                                                                            	UN	9311	9	93	931	9311		7404	500	servicos.servicos
7412	Traqueoscopia com Retirada de Papiloma                                                                                  	UN	9311	9	93	931	9311		7412	500	servicos.servicos
7420	Traqueoscopia com Dilatação para Estenose                                                                               	UN	9311	9	93	931	9311		7420	500	servicos.servicos
7439	Broncoscópia Rígida para Diagnóstico, Colheita de Material e/ou Biópsia                                                 	UN	9311	9	93	931	9311		7439	500	servicos.servicos
7447	Broncoscópia Rígida com Retirada de Corpo Estranho                                                                      	UN	9311	9	93	931	9311		7447	500	servicos.servicos
7455	Broncoscópia Rígida com Retirada de Papiloma                                                                            	UN	9311	9	93	931	9311		7455	500	servicos.servicos
7463	Broncoscópia Flexível com Biópsia Transbrônquica                                                                        	UN	9311	9	93	931	9311		7463	500	servicos.servicos
7471	Broncoscópia Rígida com Dilatação para Estenose                                                                         	UN	9311	9	93	931	9311		7471	500	servicos.servicos
7480	Broncografia por Hemitorax                                                                                              	UN	9311	9	93	931	9311		7480	500	servicos.servicos
7498	Broncoscópia Flexível para Diagnóstico, Colheita de Materiale/ou Biópsia                                                	UN	9311	9	93	931	9311		7498	500	servicos.servicos
7501	Broncoscópia Flexível para Retirada de Corpo Estranho                                                                   	UN	9311	9	93	931	9311		7501	500	servicos.servicos
7510	Broncoscópia Flexível com Lavado Broncoalveolar                                                                         	UN	9311	9	93	931	9311		7510	500	servicos.servicos
7528	Laringoscopia Flexível com Exérese Endoscópica de Tumor                                                                 	UN	9311	9	93	931	9311		7528	500	servicos.servicos
7536	Exame Fisiátrico - Cronaximetria                                                                                        	UN	9311	9	93	931	9311		7536	500	servicos.servicos
7544	Exame Fisiátrico - Curva I/T                                                                                            	UN	9311	9	93	931	9311		7544	500	servicos.servicos
7552	Exame Fisiátrico - Eletrodiagnóstico                                                                                    	UN	9311	9	93	931	9311		7552	500	servicos.servicos
7560	Exame Fisiátrico - Exame Muscular                                                                                       	UN	9311	9	93	931	9311		7560	500	servicos.servicos
7579	Exame Fisiátrico - Teste de Heald                                                                                       	UN	9311	9	93	931	9311		7579	500	servicos.servicos
7587	Exame Fisiátrico - Pesquisa Eletroneuromiográfica                                                                       	UN	9311	9	93	931	9311		7587	500	servicos.servicos
7595	Exame Fisiátrico - Potencial Evocado Auditivo                                                                           	UN	9311	9	93	931	9311		7595	500	servicos.servicos
7609	Exame Fisiátrico - Potencial Somato-Sensitivo                                                                           	UN	9311	9	93	931	9311		7609	500	servicos.servicos
7617	Exame Fisiátrico - Potencial Evocado Visual                                                                             	UN	9311	9	93	931	9311		7617	500	servicos.servicos
7625	Exame Fisiátrico - Biofeedback com Emg                                                                                  	UN	9311	9	93	931	9311		7625	500	servicos.servicos
7633	Tratamento de Ataxia                                                                                                    	UN	9311	9	93	931	9311		7633	500	servicos.servicos
7641	Tratamento de Distrofia Simpático - Reflexo                                                                             	UN	9311	9	93	931	9311		7641	500	servicos.servicos
7650	Tratamento de Hemiplegia e Hemiparesia                                                                                  	UN	9311	9	93	931	9311		7650	500	servicos.servicos
7668	Tratamento de Lesão Nervosa Periférica Afetando  Mais  de UmNervo com Alteração Sensitiva ou Motora                     	UN	9311	9	93	931	9311		7668	500	servicos.servicos
7676	Tratamento de Lesão Nervosa Periférica Afetando Um Nervo comAlteração Sensitiva ou Motora                               	UN	9311	9	93	931	9311		7676	500	servicos.servicos
7684	Tratamento de Miopatia                                                                                                  	UN	9311	9	93	931	9311		7684	500	servicos.servicos
7692	Tratamento de Monoplegia                                                                                                	UN	9311	9	93	931	9311		7692	500	servicos.servicos
7706	Tratamento de Paraplegia ou Paraparesia                                                                                 	UN	9311	9	93	931	9311		7706	500	servicos.servicos
7714	Tratamento de Paralisia Cerebral (Tratamento Motor)                                                                     	UN	9311	9	93	931	9311		7714	500	servicos.servicos
7722	Assistência Fisiátrica - Tratamento de Patologia Neurológicacom Sequela                                                 	UN	9311	9	93	931	9311		7722	500	servicos.servicos
7730	Tratamento de Parkinson                                                                                                 	UN	9311	9	93	931	9311		7730	500	servicos.servicos
7749	Tratamento de Quadriplegia ou Quadriparesia                                                                             	UN	9311	9	93	931	9311		7749	500	servicos.servicos
7757	Tratamento de Retardo do Desenvolvimento Psico - Motor (Tra-tamento Global / Motor)                                     	UN	9311	9	93	931	9311		7757	500	servicos.servicos
7765	Tratamento de Distúrbio Circulatório Artério-Venoso e Linfá-tico                                                        	UN	9311	9	93	931	9311		7765	500	servicos.servicos
7773	Assistência Fisiátrica Respiratória  em  Paciente  Internadocom Ventilação Mecânica                                     	UN	9311	9	93	931	9311		7773	500	servicos.servicos
7781	Assistência Fisiátrica - Respiratória Doente Clínico Internado                                                          	UN	9311	9	93	931	9311		7781	500	servicos.servicos
7790	Assistência Fisiátrica - Respiratória Pré  e  Pós-OperatórioCondições Cirúrgícas                                        	UN	9311	9	93	931	9311		7790	500	servicos.servicos
7803	Tratamento de Doenças Pulmonares Atendidas em Ambulatório                                                               	UN	9311	9	93	931	9311		7803	500	servicos.servicos
7811	Tratamento de Paciente com D.P.O.C. em Atendimento  Ambulatorial Necessitando Redução e Reabilitação Respiratória       	UN	9311	9	93	931	9311		7811	500	servicos.servicos
7820	Tratamento de Alteração Ordem Reumática Afetando Um ou  MaisMembros                                                     	UN	9311	9	93	931	9311		7820	500	servicos.servicos
7838	Tratamento de Alteração Degenerativa ou Inflamatória Afetan-do Um ou Mais Segmentos da Coluna Vertebral                 	UN	9311	9	93	931	9311		7838	500	servicos.servicos
7846	Tratamento de Alteração Degenerativa ou Inflamatória Afetan-do Segmentos da Coluna Vertebral e Membros                  	UN	9311	9	93	931	9311		7846	500	servicos.servicos
7854	Tratamento - Amputação Unilateral  ou  Bilateral (Preparaçãodo Coto)                                                    	UN	9311	9	93	931	9311		7854	500	servicos.servicos
7862	Tratamento de Contusões                                                                                                 	UN	9311	9	93	931	9311		7862	500	servicos.servicos
7870	Tratamento de Desvio Postural Da Coluna Vertebral                                                                       	UN	9311	9	93	931	9311		7870	500	servicos.servicos
7889	Tratamento de Entorses                                                                                                  	UN	9311	9	93	931	9311		7889	500	servicos.servicos
7897	Tratamento de Traumatismo nos Tendões                                                                                   	UN	9311	9	93	931	9311		7897	500	servicos.servicos
7900	Tratamento de Sequela de Traumatismo Toráxico ou Abdominal                                                              	UN	9311	9	93	931	9311		7900	500	servicos.servicos
7919	Tratamento de Queimadura Afetando Mais de Uma Região                                                                    	UN	9311	9	93	931	9311		7919	500	servicos.servicos
7927	Tratamento Fisiátrico de Patologia Ortopédica que  afeta  umMembro ou Mais                                              	UN	9311	9	93	931	9311		7927	500	servicos.servicos
7935	Tratamento - Amputação Unilateral ou  Bilateral (TreinamentoProtético)                                                  	UN	9311	9	93	931	9311		7935	500	servicos.servicos
7943	Assistência Fisiátrica - Paciente Hipo ou Agenesia de Membro                                                            	UN	9311	9	93	931	9311		7943	500	servicos.servicos
7951	Tratamento de Paciente com Doença Isquêmica do Coração                                                                  	UN	9311	9	93	931	9311		7951	500	servicos.servicos
7960	Tratamento de Paciente - Pós-Operatório de Cirurgia Cardíaca                                                            	UN	9311	9	93	931	9311		7960	500	servicos.servicos
7978	Tratamento de Paciente Portador de Cardiopatia                                                                          	UN	9311	9	93	931	9311		7978	500	servicos.servicos
7986	Tratamento de Paciente sem Doença  Coronariana  ClinicamenteManifestada                                                 	UN	9311	9	93	931	9311		7986	500	servicos.servicos
7994	Tratamento de Paciente com Doença  Dermatológica  Sensível aActinoterapia                                               	UN	9311	9	93	931	9311		7994	500	servicos.servicos
8001	Confecção de Prótese Ortopédica                                                                                         	UN	9311	9	93	931	9311		8001	500	servicos.servicos
8010	Bloqueio Fenólico de Pontos Motores                                                                                     	UN	9311	9	93	931	9311		8010	500	servicos.servicos
8028	Bloqueio Anestésico Simpático                                                                                           	UN	9311	9	93	931	9311		8028	500	servicos.servicos
8036	Tratamento - Infiltração Articular ou Tecidos Moles                                                                     	UN	9311	9	93	931	9311		8036	500	servicos.servicos
8044	Tratamento de Doenças Urológicas                                                                                        	UN	9311	9	93	931	9311		8044	500	servicos.servicos
8052	Tratamento de Processos Inflamatórios Pélvicos                                                                          	UN	9311	9	93	931	9311		8052	500	servicos.servicos
8060	Atendimento Fisiátrico - Pré e Pós-Parto                                                                                	UN	9311	9	93	931	9311		8060	500	servicos.servicos
8079	Tratamento de Sinusites                                                                                                 	UN	9311	9	93	931	9311		8079	500	servicos.servicos
8087	Exame Genético - Cariotipo Simples ou com  Bandas ( Sangue /Medula )                                                    	UN	9311	9	93	931	9311		8087	500	servicos.servicos
8095	Exame Genético - Cariotipo com Bandas (Líquido Amniótico, Pele, Embrionário ou Fetal)                                   	UN	9311	9	93	931	9311		8095	500	servicos.servicos
8109	Exame Genético  -  Cromatina  Sexual (Saliva, Urina, LíquidoAminiótico)                                                 	UN	9311	9	93	931	9311		8109	500	servicos.servicos
2011	Instalação e Montagem de Sistemas - Proteção Contra Incêndio                                                            	UN	8739	8	87	873	8739		2011	0	servicos.servicos
2020	Ar Condicionado - Instalação/Montagem/Desmontagem/Remoção - (Parede / Sistemas)                                         	UN	8739	8	87	873	8739		2020	0	servicos.servicos
2038	Instalação e Montagem - Sistemas Ventilação e Exaustão Mecâ-nica                                                        	UN	8739	8	87	873	8739		2038	0	servicos.servicos
2046	Instalação e Montagem de Sistemas de Aquecimento                                                                        	UN	8739	8	87	873	8739		2046	0	servicos.servicos
2054	Instalação e Montagem de Sistemas de Refrigeração                                                                       	UN	8739	8	87	873	8739		2054	0	servicos.servicos
2062	Instalação e Montagem de Sistemas de Sinalização Ferroviária                                                            	UN	8739	8	87	873	8739		2062	0	servicos.servicos
2070	Instalação e Montagem de Sistemas de Sinalização Marítima                                                               	UN	8739	8	87	873	8739		2070	0	servicos.servicos
2089	Instalação e Montagem de Sistemas de Sinalização Rodoviária                                                             	UN	8739	8	87	873	8739		2089	0	servicos.servicos
2097	Instalação e Montagem de Sistemas de Sinalização Aérea                                                                  	UN	8739	8	87	873	8739		2097	0	servicos.servicos
2100	INSTALAÇÃO E MONTAGEM DE SUBESTAÇÕES DE ENERGIA ELÉTRICA                                                                								2100	0	servicos.servicos
2119	INSTALAÇÃO E MONTAGEM DE LINHAS DE TRANSMISSÃO DE ENERGIA ELÉTRICA                                                      								2119	0	servicos.servicos
2127	INSTALAÇÃO E MONTAGEM DE LINHAS DE DISTRIBUIÇÃO DE ENERGIA ELÉTRICA                                                     								2127	0	servicos.servicos
2135	Instalação e Manutenção  Sistemas de Aterramento e  ProteçãoContra Descargas Atmosféricas                               	UN	8739	8	87	873	8739		2135	0	servicos.servicos
2143	Instalação e Montagem de Redes Aéreas - Telecomunicações                                                                	UNM	8739	8	87	873	8739		2143	0	servicos.servicos
2151	Instalação e Montagem Redes Subterrâneas - Telecomunicações                                                             	UNM	8739	8	87	873	8739		2151	0	servicos.servicos
2160	Instalação e Montagem Redes Subaquáticas - Telecomunicações                                                             	UN	8739	8	87	873	8739		2160	0	servicos.servicos
2178	Instalação e Montagem para Equipamentos de Processamento  deDados                                                       	UN	8715	8	87	871	8715		2178	0	servicos.servicos
2186	Instalação e Montagem de Cozinhas Industriais                                                                           	UN	8739	8	87	873	8739		2186	0	servicos.servicos
2194	Instalação e Montagem de Oficinas                                                                                       	UN	8739	8	87	873	8739		2194	0	servicos.servicos
2208	Instalação e Montagem de Laboratórios                                                                                   	UN	8739	8	87	873	8739		2208	0	servicos.servicos
2216	Instalação e Montagem de Instalações Frigoríficas                                                                       	UN	8739	8	87	873	8739		2216	0	servicos.servicos
2224	Instalação e Montagem - Galpões / Estruturas Metálicas                                                                  	UN	5455	5	54	545	5455		2224	0	servicos.servicos
2232	Instalação e Montagem de Isolamento Térmico                                                                             	UN	546	5	54	546			2232	0	servicos.servicos
2240	Instalação e Montagem de Isolamento Acústico                                                                            	UN	546	5	54	546			2240	0	servicos.servicos
2259	Instalação e Montagem de Construção Naval                                                                               	UN	546	5	54	546			2259	0	servicos.servicos
2267	Instalação e Montagem de Equipamentos Mecânicos/Eletromecânicos                                                         	UN	8735	8	87	873	8735		2267	0	servicos.servicos
2275	Manutenção de Turbinas a Vapor                                                                                          	UN	871	8	87	871			2275	0	servicos.servicos
2283	Manutenção de Turbinas a Gás                                                                                            	UN	871	8	87	871			2283	0	servicos.servicos
2291	Manutenção de Hidrogeradores                                                                                            	UN	871	8	87	871			2291	0	servicos.servicos
2305	Manutenção Gerador - Vapor / Gasolina                                                                                   	UN	871	8	87	871			2305	0	servicos.servicos
2313	Manutenção de Compressores                                                                                              	UN	8715	8	87	871	8715		2313	0	servicos.servicos
2321	Manutenção de Motores a Combustão                                                                                       	UN	871	8	87	871			2321	0	servicos.servicos
2330	Manutenção de Bombas e Moto-Bombas                                                                                      	UN	871	8	87	871			2330	0	servicos.servicos
2348	Manutenção de Trocadores de Calor                                                                                       	UN	871	8	87	871			2348	0	servicos.servicos
2356	Manutenção de Grupos Diesel Gerador de Emergência                                                                       	UN	871	8	87	871			2356	0	servicos.servicos
2364	Manutenção de Caldeiras e Estufas                                                                                       	UN	871	8	87	871			2364	0	servicos.servicos
2372	Manutenção de Pontes e Pórticos Rolantes                                                                                	UN	871	8	87	871			2372	0	servicos.servicos
2380	Manutenção de Talhas e Monovias                                                                                         	UN	871	8	87	871			2380	0	servicos.servicos
2399	Manutenção de Equipamentos Hidromecânicos                                                                               	UN	871	8	87	871			2399	0	servicos.servicos
2402	Manutenção de Válvulas e Atuadores                                                                                      	UN	871	8	87	871			2402	0	servicos.servicos
2410	Manutenção de Agitadores Mecânicos Industriais                                                                          	UN	871	8	87	871			2410	0	servicos.servicos
2429	Manutenção de Redutores de Velocidade                                                                                   	UN	871	8	87	871			2429	0	servicos.servicos
2437	Manutenção de Equipamentos de Britagem e Moagem                                                                         	UN	871	8	87	871			2437	0	servicos.servicos
2445	Manutenção de Correias Transportadoras                                                                                  	UN	871	8	87	871			2445	0	servicos.servicos
2453	Manutenção de Máquinas / Portáteis / Operatrizes                                                                        	UN	871	8	87	871			2453	0	servicos.servicos
2461	Manutenção de Autoclaves                                                                                                	UN	871	8	87	871			2461	0	servicos.servicos
2470	Manutenção de Pré-Aquecedores / Aquecedores                                                                             	UN	871	8	87	871			2470	0	servicos.servicos
2488	Manutenção de Separadores de Sedimentos                                                                                 	UN	871	8	87	871			2488	0	servicos.servicos
2496	Manutenção de Silos e Calhas                                                                                            	UN	871	8	87	871			2496	0	servicos.servicos
2500	Manutenção de Tanques e Esferas de Armazenamento                                                                        	UN	871	8	87	871			2500	0	servicos.servicos
2518	Manutenção de Vasos de Pressão                                                                                          	UN	871	8	87	871			2518	0	servicos.servicos
2526	Manutenção de Condutos Forçados                                                                                         	UN	871	8	87	871			2526	0	servicos.servicos
2534	Manutenção de Fornos e Fornalhas                                                                                        	UN	871	8	87	871			2534	0	servicos.servicos
2542	Manutenção de Peneiras Industriais                                                                                      	UN	871	8	87	871			2542	0	servicos.servicos
2550	MANUTENÇÃO DE TRANSFORMADORES                                                                                           								2550	0	servicos.servicos
2569	Manutenção de Reatores                                                                                                  	UN	871	8	87	871			2569	0	servicos.servicos
2577	Manutenção de Barramentos                                                                                               	UN	871	8	87	871			2577	0	servicos.servicos
2585	Manutenção de Paineis Elétricos                                                                                         	UN	871	8	87	871			2585	0	servicos.servicos
2593	MANUTENÇÃO DE CHAVES SECCIONADORAS                                                                                      								2593	0	servicos.servicos
2607	MANUTENÇÃO DE DISJUNTORES                                                                                               								2607	0	servicos.servicos
2615	Manutenção de Motores Elétricos                                                                                         	UN	871	8	87	871			2615	0	servicos.servicos
2623	Manutenção / Reparo - Bateria                                                                                           	UN	871	8	87	871			2623	0	servicos.servicos
2631	Manutenção de Capacitores                                                                                               	UN	871	8	87	871			2631	0	servicos.servicos
2640	Manutenção de Compensadores                                                                                             	UN	871	8	87	871			2640	0	servicos.servicos
2658	Manutenção / Instalação - Nobreak                                                                                       	UN	8715	8	87	871	8715		2658	0	servicos.servicos
2666	Manutenção de Equipamentos de Comutação Telefônica                                                                      	UN	87153	8	87	871	8715	87153	2666	0	servicos.servicos
2674	Manutenção de Equipamentos de Comutação Telegráfica                                                                     	UN	87153	8	87	871	8715	87153	2674	0	servicos.servicos
2682	Manutenção de Equipamentos de Transmissão Multiplex Telefônica                                                          	UN	87153	8	87	871	8715	87153	2682	0	servicos.servicos
2690	Manutenção de Equipamentos de Transmissão Multiplex Telegrá-fica                                                        	UN	87153	8	87	871	8715	87153	2690	0	servicos.servicos
2704	Instalação / Manutenção de Equipamentos de Rádio / Antena  /Agulha Giroscópica                                          	UN	8734	8	87	873	8734		2704	0	servicos.servicos
2712	Manutenção de Equipamentos de Comunicação de Dados                                                                      	UNMÊS	87153	8	87	871	8715	87153	2712	0	servicos.servicos
2720	Manutenção de Instrumentos Elétricos                                                                                    	UN	871	8	87	871			2720	0	servicos.servicos
2739	Instalação/Manutenção- Equipamento Eletrônico/Eletromecânico                                                            	UN	871	8	87	871			2739	0	servicos.servicos
2747	Manutenção de Instrumentos Pneumáticos                                                                                  	UN	871	8	87	871			2747	0	servicos.servicos
2755	Manutenção de Sistemas de Tubulações Industriais e Caldeira-ria                                                         	UN	871	8	87	871			2755	0	servicos.servicos
2763	Manutenção de Sistemas de Proteção Contra Incêndio                                                                      	UN	871	8	87	871			2763	0	servicos.servicos
2771	Ar Condicionado - Manutenção de Sistemas / Limpeza                                                                      	UN	871	8	87	871			2771	0	servicos.servicos
2780	Manutenção de Sistemas de Ventilação e Exaustor                                                                         	UN	871	8	87	871			2780	0	servicos.servicos
2798	Manutenção de Sistemas de Aquecimento                                                                                   	UN	871	8	87	871			2798	0	servicos.servicos
2801	Manutenção de Sistemas de Refrigeração                                                                                  	UN	871	8	87	871			2801	0	servicos.servicos
2810	Manutenção de Sistemas de Sinalização Ferroviária                                                                       	UN	871	8	87	871			2810	0	servicos.servicos
2828	Manutenção de Sistemas de Sinalização Marítima                                                                          	UN	8739	8	87	873	8739		2828	0	servicos.servicos
2836	Instalação / Manutenção de Sistema de Sinalização Trânsito  Vertical / Horizontal                                       	UN	83319	8	83	833	8331	83319	2836	0	servicos.servicos
2844	Manutenção de Sistemas de Sinalização Aérea                                                                             	UN	8739	8	87	873	8739		2844	0	servicos.servicos
2852	Manutenção de Subestações de Energia Elétrica                                                                           	UN	871	8	87	871			2852	0	servicos.servicos
2860	MANUTENÇÃO DE LINHAS DE TRANSMISSÃO DE ENERGIA ELÉTRICA                                                                 								2860	0	servicos.servicos
2879	Manutenção de Linhas de Distribuição de Energia Elétrica                                                                	UN	871	8	87	871			2879	0	servicos.servicos
2887	Manutenção de Redes Aéreas - Telecomunicações                                                                           	UNM	8729	8	87	872	8729		2887	0	servicos.servicos
2895	Manutenção de Redes Subterrâneas de Telecomunicações                                                                    	UNM	8729	8	87	872	8729		2895	0	servicos.servicos
2909	Manutenção de Redes Subaquáticas - Telecomunicações                                                                     	UN	8729	8	87	872	8729		2909	0	servicos.servicos
2917	Manutenção de Isolamento Térmico                                                                                        	UN	8729	8	87	872	8729		2917	0	servicos.servicos
2925	Manutenção de Isolamento Acústico                                                                                       	UN	8729	8	87	872	8729		2925	0	servicos.servicos
2933	Limpeza Química de Equipamentos e Tubulações                                                                            	UN	853	8	85	853			2933	0	servicos.servicos
2941	Limpeza de Equipamentos e Tubulações por Hidrojateamento                                                                	UN	853	8	85	853			2941	0	servicos.servicos
2950	Limpeza Mecânica de Equipamentos e Tubulações                                                                           	UN	853	8	85	853			2950	0	servicos.servicos
2968	Manutenção em Equipamento de Injeção em Termoplástico                                                                   	UN	8715	8	87	871	8715		2968	0	servicos.servicos
2976	Manutenção em Equipamento de Injeção em Zamak                                                                           	UN	8715	8	87	871	8715		2976	0	servicos.servicos
2984	Manutenção em Equipamento de Moldagem em Resinas Termofixas                                                             	UN	8715	8	87	871	8715		2984	0	servicos.servicos
2992	Manutenção em Equipamento de Moldagem em Fibra de Vidro                                                                 	UN	8715	8	87	871	8715		2992	0	servicos.servicos
3000	Manutenção em Equipamento de Moldagem em Elastômero                                                                     	UN	8715	8	87	871	8715		3000	0	servicos.servicos
8117	Exame Genético - Dermatóglifo                                                                                           	UN	9311	9	93	931	9311		8117	500	servicos.servicos
8125	Hemoterapia - Processamento - Unidade de Concentrado de Hemácias / Hemácias Lavadas                                     	UN	9311	9	93	931	9311		8125	500	servicos.servicos
8133	Hemoterapia - Processamento - Unidade de Concentrado de Leu-cócito                                                      	UN	9311	9	93	931	9311		8133	500	servicos.servicos
8141	Hemoterapia - Processamento - Unidade de Concentrado de  Plaquetas                                                      	UN	9311	9	93	931	9311		8141	500	servicos.servicos
8150	Hemoterapia - Processamento - Unidade de Crioprecipitado  deFator Anti-Hemofílico                                       	UN	9311	9	93	931	9311		8150	500	servicos.servicos
8168	Hemoterapia - Processamento - Unidade Plasma                                                                            	UN	9311	9	93	931	9311		8168	500	servicos.servicos
8176	Hemoterapia - Processamento de Sangue Total                                                                             	UN	9311	9	93	931	9311		8176	500	servicos.servicos
8184	Hemoterapia - Plasmaferese Terapêutica                                                                                  	UN	9311	9	93	931	9311		8184	500	servicos.servicos
8192	Hemoterapia - Sangria Terapêutica                                                                                       	UN	9311	9	93	931	9311		8192	500	servicos.servicos
8206	Tratamento - Exsanguíneo Transfusão                                                                                     	UN	9311	9	93	931	9311		8206	500	servicos.servicos
8214	Tratamento - Tranfusão Fetal Intrauterina                                                                               	UN	9311	9	93	931	9311		8214	500	servicos.servicos
8222	Exame Antígeno  Austrália ( Hbsag ) HA por Unidade de SangueTotal                                                       	UN	9311	9	93	931	9311		8222	500	servicos.servicos
8230	Exame Antígeno Austrália ( Hbsag ) - Componente Hemoterápico                                                            	UN	9311	9	93	931	9311		8230	500	servicos.servicos
8249	Exame Antígeno Austrália ( Hbsag ) Rie ou Eie por Unidade deSangue Total                                                	UN	9311	9	93	931	9311		8249	500	servicos.servicos
8257	Exame Antígeno Austrália ( Hbsag ) Rie ou Eie por ComponenteHemoterápico                                                	UN	9311	9	93	931	9311		8257	500	servicos.servicos
8265	Exame Chagas HA por Unidade de Sangue Total                                                                             	UN	9311	9	93	931	9311		8265	500	servicos.servicos
8273	Exame Chagas HA por Componente Hemoterápico                                                                             	UN	9311	9	93	931	9311		8273	500	servicos.servicos
8281	Exame Chagas IFI por Unidade de Sangue Total                                                                            	UN	9311	9	93	931	9311		8281	500	servicos.servicos
8290	Exame Chagas IFI por Componente Hemoterápico                                                                            	UN	9311	9	93	931	9311		8290	500	servicos.servicos
8303	Exame Chagas IFI, HA e RFC - Reações Sorológicas por Unidadede Sangue Total                                             	UN	9311	9	93	931	9311		8303	500	servicos.servicos
8311	Exame Chagas IFI,HA e RFC - Reações Sorológicas por Componentes Hemoterápicos                                           	UN	9311	9	93	931	9311		8311	500	servicos.servicos
8320	Exame Chagas Rfc ( Machado Guerreiro ) por Unidade de SangueTotal                                                       	UN	9311	9	93	931	9311		8320	500	servicos.servicos
8338	Exame Chagas RFC ( Machado Guerreiro ) por Componente Hemoterápico                                                      	UN	9311	9	93	931	9311		8338	500	servicos.servicos
8346	Exame Eletroforese de Hemoglobina -  Unidade de Sangue Total                                                            	UN	9311	9	93	931	9311		8346	500	servicos.servicos
8354	Exame Eletroforese de Hemoglobina -  Componente Hemoterápico                                                            	UN	9311	9	93	931	9311		8354	500	servicos.servicos
8362	Exame Grupo Sanguíneo ABO e RH                                                                                          	UN	9311	9	93	931	9311		8362	500	servicos.servicos
8370	Exame Malária - IFI por Unidade de Sangue Total                                                                         	UN	9311	9	93	931	9311		8370	500	servicos.servicos
8389	Exame Malária - IFI por Componente Hemoterápico                                                                         	UN	9311	9	93	931	9311		8389	500	servicos.servicos
8397	Pesquisa de Anti-Corpos Séricos (Irregulares)                                                                           	UN	9311	9	93	931	9311		8397	500	servicos.servicos
8400	Pesquisa de Anti - HBC por Unidade de Sangue Total                                                                      	UN	9311	9	93	931	9311		8400	500	servicos.servicos
8419	Exame Pesquisa de Anti - HBC por Componente Hemoterápico                                                                	UN	9311	9	93	931	9311		8419	500	servicos.servicos
8427	Pesquisa de Anti - HIV - EIE por Unidade de Sangue Total                                                                	UN	9311	9	93	931	9311		8427	500	servicos.servicos
8435	Pesquisa de Anti - HIV por Componente Hemoterápico                                                                      	UN	9311	9	93	931	9311		8435	500	servicos.servicos
8443	Prova de Compatibilidade Pré-Transfusional Completa                                                                     	UN	9311	9	93	931	9311		8443	500	servicos.servicos
8451	Exame Sífilis - FTA - ABS por Unidade de Sangue Total                                                                   	UN	9311	9	93	931	9311		8451	500	servicos.servicos
8460	Exame Sífilis - FTA - ABS por Componente Hemoterápico                                                                   	UN	9311	9	93	931	9311		8460	500	servicos.servicos
8478	Exame Sífilis - HA por Unidade de Sangue Total                                                                          	UN	9311	9	93	931	9311		8478	500	servicos.servicos
8486	Exame Sífilis - HA por Componente Hemoterápico                                                                          	UN	9311	9	93	931	9311		8486	500	servicos.servicos
8494	Exame Sífilis - VDRL por Unidade de Sangue Total                                                                        	UN	9311	9	93	931	9311		8494	500	servicos.servicos
8508	Exame Sífilis - VDRL por Componente Hemoterápico                                                                        	UN	9311	9	93	931	9311		8508	500	servicos.servicos
8516	Exame Sífilis - VDRL - HA e FTA - ABS por Unidade de  SangueTotal                                                       	UN	9311	9	93	931	9311		8516	500	servicos.servicos
8524	Exame Sífilis - VDRL - HA e FTA - ABS por Componente Hemote-rápico                                                      	UN	9311	9	93	931	9311		8524	500	servicos.servicos
8532	Hemoterapia - Teste de Coombs Direto                                                                                    	UN	9311	9	93	931	9311		8532	500	servicos.servicos
8540	Hemoterapia - Teste de Coombs Indireto                                                                                  	UN	9311	9	93	931	9311		8540	500	servicos.servicos
8559	Hemoterapia - Transamináse Pirúvica - TGP ou ALT por UnidadeTotal de Sangue                                             	UN	9311	9	93	931	9311		8559	500	servicos.servicos
8567	Hemoterapia - Transamináse Pirúvica - TGP ou ALT - Componen-te Hemoterápico                                             	UN	9311	9	93	931	9311		8567	500	servicos.servicos
8575	Teste Chagas e EIE por Unidade de Sangue Total                                                                          	UN	9311	9	93	931	9311		8575	500	servicos.servicos
8583	Teste Chagas e EIE por Componente Hemoterápico                                                                          	UN	9311	9	93	931	9311		8583	500	servicos.servicos
8591	Hemoterapia - Pesquisa de Anti - HCV por Unidade  de  SangueTotal                                                       	UN	9311	9	93	931	9311		8591	500	servicos.servicos
8605	Hemoterapia - Pesquisa de Anti - HCV por Componente Hemoterápico                                                        	UN	9311	9	93	931	9311		8605	500	servicos.servicos
8613	Hemoterapia - Pesquisa de Anti - HTLV-I + HTLV-II ( Determi-nação Conjunta ) por Unidade de Sangue Total                	UN	9311	9	93	931	9311		8613	500	servicos.servicos
8621	Hemoterapia - Pesquisa de Anti - HTLV-I por Componente Hemo-terápico                                                    	UN	9311	9	93	931	9311		8621	500	servicos.servicos
8630	Teste Taxa de Deleucotização, por Filtração, por Componente                                                             	UN	9311	9	93	931	9311		8630	500	servicos.servicos
8648	Teste Bíópsia por Agulha de Medula Óssea                                                                                	UN	9311	9	93	931	9311		8648	500	servicos.servicos
8656	Transporte Superfície  em  Aeroportos - Passageiro / Carga /Aeronave / Equipamento                                      	UN	679	6	67	679			8656	500	servicos.servicos
8664	Movimentação de Carga Aeroportuária                                                                                     	UN	6771	6	67	677	6771		8664	500	servicos.servicos
8672	Inspeção de Passageiros, Tripulantes, Empregados de Aeropor-tos                                                         	UN	8599	8	85	859	8599		8672	500	servicos.servicos
8680	Inspeção de Bagagem / Carga - Porão Aeronave, Navio                                                                     	UN	8599	8	85	859	8599		8680	500	servicos.servicos
8699	Segurança e Vigilância de Aeronaves Estacionadas                                                                        								8699	500	servicos.servicos
8702	Proteção, Supervisão e Controle de Carga Aérea                                                                          	UN	8599	8	85	859	8599		8702	500	servicos.servicos
8710	Controle de Acesso - Áreas Operacionais e Restritas de Aero-portos e Terminais de Carga                                 	UN	8599	8	85	859	8599		8710	500	servicos.servicos
8729	Prestação de Serviços de Portaria / Recepção                                                                            	UN	8512	8	85	851	8512		8729	500	servicos.servicos
8737	Auditoria Técnica em Procedimentos - Área Médica                                                                        	UN	822	8	82	822			8737	500	servicos.servicos
8745	Auditoria Financeira em Área Médica                                                                                     	UN	822	8	82	822			8745	500	servicos.servicos
8753	Auditoria Técnica de Procedimentos - Odontologia                                                                        	UN	822	8	82	822			8753	500	servicos.servicos
8761	Auditoria Financeira em Área Odontológica                                                                               	UN	822	8	82	822			8761	500	servicos.servicos
8770	Consultoria e Assessoria - Médica Geral                                                                                 	UN	831	8	83	831			8770	500	servicos.servicos
8788	Consultoria e Assessoria - Odontológica                                                                                 	UN	831	8	83	831			8788	500	servicos.servicos
8796	Planejamento / Controle de Serviço Médico                                                                               	UN	8599	8	85	859	8599		8796	500	servicos.servicos
8800	Medicina / Engenharia Trabalho - Planejamento / Controle                                                                	UN	9319	9	93	931	9319		8800	500	servicos.servicos
8818	Medicina Trabalho - Perícia Serviço Médico / Engenharia                                                                 	UN	93199	9	93	931	9319	93199	8818	500	servicos.servicos
8826	Estudos e Projetos Implantação de Pontes de Embarque em Aeroporto                                                       	UN	833	8	83	833			8826	500	servicos.servicos
8834	Instalação e Montagem de Pontes de Embarque em Aeroporto                                                                	UN	546	5	54	546			8834	500	servicos.servicos
8842	Manutenção Pontes de Embarque - Aeroporto                                                                               	UN	8729	8	87	872	8729		8842	500	servicos.servicos
8850	Estudos e Projetos para Implantação  Carrossel Transportador de Bagagem em Aeroporto                                    	UN	8319	8	83	831	8319		8850	500	servicos.servicos
8869	Manutenção de Carrossel Transportador de Bagagem                                                                        	UN	8715	8	87	871	8715		8869	500	servicos.servicos
8877	Instalação e Montagem de Carrossel Transportador de Bagagem                                                             	UN	8715	8	87	871	8715		8877	500	servicos.servicos
8885	Estudos e  Projetos de  Sistemas Informativos de Vôo em Aeroporto                                                       	UN	833	8	83	833			8885	500	servicos.servicos
8893	Manutenção Sistema Informativo Vôo - Aeroporto                                                                          	MÊS	8715	8	87	871	8715		8893	500	servicos.servicos
8907	Instalação/ Manutenção de Esteira Transportadora e Paleteira                                                            	UN	8715	8	87	871	8715		8907	500	servicos.servicos
8915	Manutenção Sistema Docagem - Aeronave                                                                                   	UN	8715	8	87	871	8715		8915	500	servicos.servicos
8923	Patologia Clínica - Bioquímica                                                                                          	UN	9311	9	93	931	9311		8923	500	servicos.servicos
8931	Patologia Clínica - Esperma                                                                                             	UN	9311	9	93	931	9311		8931	500	servicos.servicos
8940	Patologia Clínica - Fezes                                                                                               	UN	9311	9	93	931	9311		8940	500	servicos.servicos
8958	Patologia Clínica - Hematologia                                                                                         	UN	9311	9	93	931	9311		8958	500	servicos.servicos
8966	Patologia Clínica - Hoemônio                                                                                            	UN	9311	9	93	931	9311		8966	500	servicos.servicos
8974	Patologia Clínica - Imunologia                                                                                          	UN	9311	9	93	931	9311		8974	500	servicos.servicos
8982	Patologia Clínica - Líquido Amniótico                                                                                   	UN	9311	9	93	931	9311		8982	500	servicos.servicos
8990	Patologia Clínica - Líquido Sinovial / Derrames                                                                         	UN	9311	9	93	931	9311		8990	500	servicos.servicos
9008	Patologia Clínica - Líquido Cefalorraquiano ( Liquor )                                                                  	UN	9311	9	93	931	9311		9008	500	servicos.servicos
9016	Patologia Clínica - Microbiologia                                                                                       	UN	9311	9	93	931	9311		9016	500	servicos.servicos
9024	Patologia Clínica - Suco Gástrico                                                                                       	UN	9311	9	93	931	9311		9024	500	servicos.servicos
9032	Patologia Clínica - Tubagem Duodenal                                                                                    	UN	9311	9	93	931	9311		9032	500	servicos.servicos
9040	Patologia Clínica - Urina                                                                                               	UN	9311	9	93	931	9311		9040	500	servicos.servicos
9059	Patologia Clínica - Ocupacional                                                                                         	UN	9311	9	93	931	9311		9059	500	servicos.servicos
9067	Tisiopneumologia - Complacência Pulmonar                                                                                	UN	9311	9	93	931	9311		9067	500	servicos.servicos
9075	Tisiopneumologia - Curva de Fluxo - Volume - Estudos Dos Fluxos                                                         	UN	9311	9	93	931	9311		9075	500	servicos.servicos
9083	Tisiopneumologia - Determinação Da Mecânica Ventilatória -  Ventilação Voluntária Máxima                                	UN	9311	9	93	931	9311		9083	500	servicos.servicos
9091	Tisiopneumologia - Determinação Das Pressões Respiratórias  Máximas                                                     	UN	9311	9	93	931	9311		9091	500	servicos.servicos
9105	Tisiopneumologia - Espirografia com Determinação do Volume  Residual                                                    	UN	9311	9	93	931	9311		9105	500	servicos.servicos
3018	Manutenção em Equipamento de Extrusão em Elastômero                                                                     	UN	8715	8	87	871	8715		3018	0	servicos.servicos
3026	Manutenção de Forjas                                                                                                    	UN	8715	8	87	871	8715		3026	0	servicos.servicos
3034	Manutenção em Equipamento de Fundição em Ferro Fundido                                                                  	UN	8715	8	87	871	8715		3034	0	servicos.servicos
3042	Manutenção em Equipamento de Fundição em Aço Carbono                                                                    	UN	8715	8	87	871	8715		3042	0	servicos.servicos
3050	Manutenção em Equipamento de Fundição em Aço Inox                                                                       	UN	8715	8	87	871	8715		3050	0	servicos.servicos
3069	Manutenção em Equipamento de Fundição em Alumínio                                                                       	UN	8715	8	87	871	8715		3069	0	servicos.servicos
3077	Manutenção em Equipamento de Fundição em Cobre                                                                          	UN	8715	8	87	871	8715		3077	0	servicos.servicos
3085	Manutenção em Equipamento de Estamparia em Metal                                                                        	UN	8715	8	87	871	8715		3085	0	servicos.servicos
3093	Manutenção em Equipamento de Serralharia                                                                                	UN	8715	8	87	871	8715		3093	0	servicos.servicos
3107	Manutenção de Caldeiraria                                                                                               	UNM2	8715	8	87	871	8715		3107	0	servicos.servicos
3115	Manutenção de Usinagem                                                                                                  	UN	8715	8	87	871	8715		3115	0	servicos.servicos
3123	Manutenção em Equipamento de Soldagem                                                                                   	UN	8715	8	87	871	8715		3123	0	servicos.servicos
3131	Manutenção em Oficina de Carpintaria e Marcenaria                                                                       	UN	872	8	87	872			3131	0	servicos.servicos
3140	Manutenção de Vias Férreas (Via Permanente)                                                                             	UN	872	8	87	872			3140	0	servicos.servicos
3158	Manutenção e Reparo em Industria Naval                                                                                  	UN	872	8	87	872			3158	0	servicos.servicos
3166	Manutenção de Turbinas Hidráulicas / Termelétrica                                                                       	UN	871	8	87	871			3166	0	servicos.servicos
3174	Transporte Aéreo por Helicóptero / Avião                                                                                	UN	661	6	66	661			3174	0	servicos.servicos
3182	Transporte Marítimo e Fluvial de Pessoal / Carga                                                                        	UN	6512	6	65	651	6512		3182	0	servicos.servicos
3190	Transporte Marítimo e Fluvial de Carga Líquida                                                                          	UN	6512	6	65	651	6512		3190	0	servicos.servicos
3204	Transporte Marítimo e Fluvial de Carga Seca                                                                             	UN	6512	6	65	651	6512		3204	0	servicos.servicos
3212	Transporte de Mudança - Local                                                                                           	UN	6433	6	64	643	6433		3212	0	servicos.servicos
3220	Transporte de Mudança - Interestadual                                                                                   	UN	6433	6	64	643	6433		3220	0	servicos.servicos
3239	Transporte Rodoviário - Pessoal por Automóveis                                                                          	UNKMR	6431	6	64	643	6431		3239	0	servicos.servicos
3247	Transporte Rodoviário - Pessoal por Camionetas e Utilitários                                                            								3247	0	servicos.servicos
3255	"Transporte Rodoviário - Pessoal por Coletivos "" Inativo ""                                                               "	UN	97990	9	97	979	9799	97990	3255	0	servicos.servicos
3263	Transporte Rodoviário - Cargas / Encomendas                                                                             	UN	6433	6	64	643	6433		3263	0	servicos.servicos
3271	Transporte Rodoviário Valores                                                                                           	UN	6433	6	64	643	6433		3271	0	servicos.servicos
3280	Transporte Rodoviário - Materiais Embalados, Soltos e a Gra-nel                                                         	UN	6433	6	64	643	6433		3280	0	servicos.servicos
3298	Transporte Rodoviário - Produtos Siderúrgicos                                                                           	UN	6433	6	64	643	6433		3298	0	servicos.servicos
3301	Transporte Rodoviário - Granéis Líquidos                                                                                	UN	6433	6	64	643	6433		3301	0	servicos.servicos
3310	TRANSPORTE RODOVIÁRIO DE CARGAS PESADAS OU DE DIMENSÕES ESPECIAIS                                                       								3310	0	servicos.servicos
3328	TRANSPORTE RODOVIÁRIO DE SUBSTÂNCIAS PERIGOSAS                                                                          								3328	0	servicos.servicos
3336	Transporte Rodoviário - Explosivos                                                                                      	UN	64339	6	64	643	6433	64339	3336	0	servicos.servicos
3344	Transporte Ferroviário de Pessoal                                                                                       	UN	6421	6	64	642	6421		3344	0	servicos.servicos
3352	Transporte Ferroviário de Carga                                                                                         	UN	6422	6	64	642	6422		3352	0	servicos.servicos
3360	Transporte Intermodal / Multimodal                                                                                      	UN	679	6	67	679			3360	0	servicos.servicos
3379	Transporte Aéreo por Avião                                                                                              								3379	0	servicos.servicos
3387	Limpeza de Área Industrial                                                                                              								3387	0	servicos.servicos
3395	Limpeza de Faixas de Servidão                                                                                           								3395	0	servicos.servicos
3409	"Manutenção Jardim / Gramado ""Inativo ""                                                                                  "	UN	97990	9	97	979	9799	97990	3409	0	servicos.servicos
3417	Desinsetização / Desratização / Dedetização                                                                             	UNMÊS M2	943	9	94	943			3417	0	servicos.servicos
3425	Conservação de Cabines e Abrigos                                                                                        	UN	5429	5	54	542	5429		3425	0	servicos.servicos
3433	Confecção / Colocação / Remanejamento / Manutenção - Divisó-ria / Módulo                                                	UNM2	8819	8	88	881	8819		3433	0	servicos.servicos
3441	Conservação de Móveis e Utensílios de Escritório                                                                        								3441	0	servicos.servicos
3450	Manutenção de Máquinas de Escrever                                                                                      	UN	8712	8	87	871	8712		3450	0	servicos.servicos
3468	Manutenção de Máquinas de Calcular                                                                                      	UN	8712	8	87	871	8712		3468	0	servicos.servicos
3476	Manutenção de Fac-Símile                                                                                                	UN	8712	8	87	871	8712		3476	0	servicos.servicos
3484	Manutenção de Telex                                                                                                     	UN	8712	8	87	871	8712		3484	0	servicos.servicos
3492	Ar Condicionado - Manutenção de Aparelhos de Parede                                                                     	UN	8715	8	87	871	8715		3492	0	servicos.servicos
3506	Manutenção de Geladeiras e Bebedouros                                                                                   	UN	8715	8	87	871	8715		3506	0	servicos.servicos
3514	Manutenção de Relógios de Ponto                                                                                         	UN	8715	8	87	871	8715		3514	0	servicos.servicos
3522	Manutenção de Equipamentos de Microfilmagem                                                                             	UN	8715	8	87	871	8715		3522	0	servicos.servicos
3530	Informática - Manutenção de Computadores                                                                                	UN	8713	8	87	871	8713		3530	0	servicos.servicos
3549	Informática - Instalação / Manutenção de Periférico Inativo                                                             	UN	8713	8	87	871	8713		3549	0	servicos.servicos
3557	Instalação / Manutenção - Elevadores, Escadas Rolantes, Mon-ta - Cargas / Plataforma / Escadas                          	UN	54691	5	54	546	5469	54691	3557	0	servicos.servicos
3565	Manutenção de Veículos Leves e Pesados                                                                                  	UNH	87141	8	87	871	8714	87141	3565	0	servicos.servicos
3573	Manutenção de Veículos Pesados                                                                                          	UNH	87141	8	87	871	8714	87141	3573	0	servicos.servicos
3581	Manutenção de Aviões                                                                                                    	UN	8729	8	87	872	8729		3581	0	servicos.servicos
3590	Manutenção de Helicópteros                                                                                              	HOMEM/H UN	8729	8	87	872	8729		3590	0	servicos.servicos
3603	Manutenção de Embarcações                                                                                               	UN	8729	8	87	872	8729		3603	0	servicos.servicos
3611	Manutenção de Dragas                                                                                                    	UN	8729	8	87	872	8729		3611	0	servicos.servicos
3620	Manutenção e Reparo de Máquinas de Escavação e Terraplanagem                                                            	UN	871	8	87	871			3620	0	servicos.servicos
3638	Manutenção / Reparo - Equipamento Elevação  /   MovimentaçãoCarga                                                       	UN	871	8	87	871			3638	0	servicos.servicos
3646	Manutenção de Locomotivas                                                                                               	UN	8714	8	87	871	8714		3646	0	servicos.servicos
3654	Manutenção de Carros Ferroviários e Vagões                                                                              	UN	8714	8	87	871	8714		3654	0	servicos.servicos
3662	Manutenção Extintores / Mangueiras - Combate Incêndio                                                                   	UN	872	8	87	872			3662	0	servicos.servicos
3670	Manutenção de Equipamentos de Cozinha Industrial                                                                        	UN	871	8	87	871			3670	0	servicos.servicos
3689	"Vigilância e Segurança ""Inativo""                                                                                        "	UN	85250	8	85	852	8525	85250	3689	0	servicos.servicos
3697	Fornecimento de Refeições / Lanches / Salgados / Doces                                                                  	UN	6321	6	63	632	6321		3697	0	servicos.servicos
3700	Refeição Sistema Convênio (Tíquete)                                                                                     	UN	6321	6	63	632	6321		3700	0	servicos.servicos
3719	Prestaçao de Serviços de Agenciamento de Viagens                                                                        	UN	678	6	67	678			3719	0	servicos.servicos
3727	Reprografia                                                                                                             								3727	0	servicos.servicos
3735	Gráfico - Formulários Planos                                                                                            	UN	891	8	89	891			3735	0	servicos.servicos
3743	Microfilmagem - Sistema Convencional- Administrativo                                                                    	UN	838	8	83	838			3743	0	servicos.servicos
3751	Microfilmagem - Sistema Convencional - Engenharia                                                                       	UN	838	8	83	838			3751	0	servicos.servicos
3760	Microfilmagem                                                                                                           	UN	838	8	83	838			3760	0	servicos.servicos
3778	Audiovisual                                                                                                             	UN	961	9	96	961			3778	0	servicos.servicos
3786	Lavanderia e Tinturaria                                                                                                 	UN	971	9	97	971			3786	0	servicos.servicos
3794	Beneficiamento de Sucata                                                                                                	UN	893	8	89	893			3794	0	servicos.servicos
3808	Treinamento na Área de Administração                                                                                    	UN	929	9	92	929			3808	0	servicos.servicos
3816	Treinamento na Área Econômico - Financeira                                                                              	UN	929	9	92	929			3816	0	servicos.servicos
3824	Treinamento na Área Jurídica                                                                                            	UN	929	9	92	929			3824	0	servicos.servicos
3832	Treinamento na Área de Engenharia                                                                                       	UN	929	9	92	929			3832	0	servicos.servicos
3840	Treinamento Informática - Sistema / Software                                                                            	UNH	929	9	92	929			3840	0	servicos.servicos
3859	Treinamento na Área de Recursos Humanos                                                                                 	UN	929	9	92	929			3859	0	servicos.servicos
3867	Treinamento na Área Comercial                                                                                           	UN	929	9	92	929			3867	0	servicos.servicos
3875	Treinamento na Área de Suprimento                                                                                       	UN	929	9	92	929			3875	0	servicos.servicos
3883	Curso/Treinamento - Idioma Estrangeiro                                                                                  	UN	929	9	92	929			3883	0	servicos.servicos
3891	Tradução, Adaptação e Versão de Textos                                                                                  	UN	8391	8	83	839	8391		3891	0	servicos.servicos
3905	Importação                                                                                                              	UN	979	9	97	979			3905	0	servicos.servicos
3913	Desembaraço Alfandegário                                                                                                	UN	823	8	82	823			3913	0	servicos.servicos
3921	Despachos Aduaneiros                                                                                                    	UN	839	8	83	839			3921	0	servicos.servicos
3930	Despachante - Documentos Pessoais                                                                                       	UN	839	8	83	839			3930	0	servicos.servicos
3948	Despachante - Veículos                                                                                                  	UN	839	8	83	839			3948	0	servicos.servicos
3956	Agenciamento Marítimo                                                                                                   	UN	8599	8	85	859	8599		3956	0	servicos.servicos
3964	Operação de Embarcações                                                                                                 	UN	8599	8	85	859	8599		3964	0	servicos.servicos
3972	Leiloeiros                                                                                                              	UN	8599	8	85	859	8599		3972	0	servicos.servicos
3980	Exploração Comercial de Hotéis / Pousadas                                                                               	UN	631	6	63	631			3980	0	servicos.servicos
3999	"Limpeza e Conservação Predial ""Inativo""                                                                                 "	UN	97990	9	97	979	9799	97990	3999	0	servicos.servicos
4006	Locação de computadores / Periféricos                                                                                   	UN	7327	7	73	732	7327		4006	0	servicos.servicos
9113	Tisiopneumologia - Espirografia Simples - Capacidade Vital  Lenta                                                       	UN	9311	9	93	931	9311		9113	500	servicos.servicos
9121	Tisiopneumologia - Espirometria - Volumes Expiratórios Forçados                                                         	UN	9311	9	93	931	9311		9121	500	servicos.servicos
9130	Tisiopneumologia - Espirometria Após Broncodilatador                                                                    	UN	9311	9	93	931	9311		9130	500	servicos.servicos
9148	Tisiopneumologia - Gasometria Arterial Após 02 a 100%                                                                   	UN	9311	9	93	931	9311		9148	500	servicos.servicos
9156	Tisiopneumologia - Gasometria Arterial em Exercício                                                                     	UN	9311	9	93	931	9311		9156	500	servicos.servicos
9164	Tisiopneumologia - Gasometria Arterial de Repouso                                                                       	UN	9311	9	93	931	9311		9164	500	servicos.servicos
9172	Tisiopneumologia - Medida Da Difusao do Monóxido de Carbono                                                             	UN	9311	9	93	931	9311		9172	500	servicos.servicos
9180	Tisiopneumologia - Medida de Pico de Fluxo Expiratório                                                                  	UN	9311	9	93	931	9311		9180	500	servicos.servicos
9199	Tisiopneumologia - Medida Seriada por 3 Semanas do Pico de  Fluxo Expiratório                                           	UN	9311	9	93	931	9311		9199	500	servicos.servicos
9202	Tisiopneumologia - Nebulização Simples                                                                                  	UN	9311	9	93	931	9311		9202	500	servicos.servicos
9210	Tisiopneumologia - Nebulização Simples com Broncodilatador                                                              	UN	9311	9	93	931	9311		9210	500	servicos.servicos
9229	Tisiopneumologia - Nebulização Ultra - Sônica                                                                           	UN	9311	9	93	931	9311		9229	500	servicos.servicos
9237	Tisiopneumologia - Oximetria Não Invasiva                                                                               	UN	9311	9	93	931	9311		9237	500	servicos.servicos
9245	Tisiopneumologia - Polissonografia com Determinação  Das  Variáveis Ventilatórias, Oximetria e Ecg                      	UN	9311	9	93	931	9311		9245	500	servicos.servicos
9253	Tisiopneumologia - Prova Ventilatória Completa com  Broncodilatador ( 6 + 3 + 7 + 8 + 2 )                               	UN	9311	9	93	931	9311		9253	500	servicos.servicos
9261	Tisiopneumologia - Prova Ventilatória Completa sem  Broncodilatador ( 6 + 3 + 7 + 2 )                                   	UN	9311	9	93	931	9311		9261	500	servicos.servicos
9270	Tisiopneumologia - Regulação Ventilatória - 1 )  Medida  Da Ventilação e do Padrão Ventilatório                         	UN	9311	9	93	931	9311		9270	500	servicos.servicos
9288	Tisiopneumologia - Regulação Ventilatória - 2 ) Determinação Da Pressão de Oclusão                                      	UN	9311	9	93	931	9311		9288	500	servicos.servicos
9296	Tisiopneumologia - Regulação Ventilatória - 3 )  Resposta a Hipoxia e Hipercapnia                                       	UN	9311	9	93	931	9311		9296	500	servicos.servicos
9300	Tisiopneumologia - Resistência Das Vias Aéreas                                                                          	UN	9311	9	93	931	9311		9300	500	servicos.servicos
9318	Tisiopneumologia - Teste de Broncoprovocação                                                                            	UN	9311	9	93	931	9311		9318	500	servicos.servicos
9326	Tisiopneumologia - Teste Cardiopulmonar de Exercício 1) Estágio I Medidas Ventilatórias, Pa, Fc, Oximetria, Dispneia    	UN	9311	9	93	931	9311		9326	500	servicos.servicos
9334	Tisiopneumologia - Teste Cardiopulmonar de Exercício                                                                    	UN	9311	9	93	931	9311		9334	500	servicos.servicos
9342	Quimioterapia do Câncer - Tratamento em Paciente Internados                                                             	UN	9311	9	93	931	9311		9342	500	servicos.servicos
9350	Quimioterapia do Câncer - Tratamento Paciente de Ambulatório                                                            	UN	9311	9	93	931	9311		9350	500	servicos.servicos
9369	Medicina Nuclear - In Vivo - Cardiovascular                                                                             	UN	9311	9	93	931	9311		9369	500	servicos.servicos
9377	Medicina Nuclear - In Vivo - Digestivo                                                                                  	UN	9311	9	93	931	9311		9377	500	servicos.servicos
9385	Medicina Nuclear - In Vivo - Endócrino                                                                                  	UN	9311	9	93	931	9311		9385	500	servicos.servicos
9393	Medicina Nuclear - In Vivo - Geniturinario                                                                              	UN	9311	9	93	931	9311		9393	500	servicos.servicos
9407	Medicina Nuclear - In Vivo - Hematológico                                                                               	UN	9311	9	93	931	9311		9407	500	servicos.servicos
9415	Medicina Nuclear - In Vivo - Músculo Esquelético                                                                        	UN	9311	9	93	931	9311		9415	500	servicos.servicos
9423	Medicina Nuclear - In Vivo - Nervoso                                                                                    	UN	9311	9	93	931	9311		9423	500	servicos.servicos
9431	Medicina Nuclear - In Vivo - Oncologia / Infectologia                                                                   	UN	9311	9	93	931	9311		9431	500	servicos.servicos
9440	Medicina Nuclear - In Vivo - Respiratório                                                                               	UN	9311	9	93	931	9311		9440	500	servicos.servicos
9458	Medicina Nuclear - In Vivo - Tratamento de Hipertiroidismo                                                              	UN	9311	9	93	931	9311		9458	500	servicos.servicos
9466	Medicina Nuclear - In Vivo - Tratamento do Câncer Da Tireói-de                                                          	UN	9311	9	93	931	9311		9466	500	servicos.servicos
9474	Medicina Nuclear - In Vivo - Tratamento Da Policitemia Vera                                                             	UN	9311	9	93	931	9311		9474	500	servicos.servicos
9482	Medicina Nuclear - In Vivo - Tratamento de Metástase  Óssea ( Estrôncio )                                               	UN	9311	9	93	931	9311		9482	500	servicos.servicos
9490	Medicina Nuclear - In Vivo - Dacriocistografia                                                                          	UN	9311	9	93	931	9311		9490	500	servicos.servicos
9504	"Medicina Nuclear - In Vivo - Estudo do "" Shunt "" de Le Veen                                                             "	UN	9311	9	93	931	9311		9504	500	servicos.servicos
9512	Medicina  Nuclear -  In Vivo - Imuno Cintilografia ( Anticorpos Monoclonais )                                           	UN	9311	9	93	931	9311		9512	500	servicos.servicos
9520	Medicina Nuclear - In Vivo - Cintilografia com Mibg ( Metaiodobezilguanidina )                                          	UN	9311	9	93	931	9311		9520	500	servicos.servicos
9539	Medicina Nuclear - In Vivo - Densiometria Óssea Duo Energética ( Segmento )                                             	UN	9311	9	93	931	9311		9539	500	servicos.servicos
9547	Medicina Nuclear - In Vivo - Densiometria Duo  Energética   ( Corpo Inteiro )                                           	UN	9311	9	93	931	9311		9547	500	servicos.servicos
9555	Medicina Nuclear - In Vitro - Radioimunoensaio                                                                          	UN	9311	9	93	931	9311		9555	500	servicos.servicos
9563	Radiodiagnóstico - Crânio e Face                                                                                        	UN	9311	9	93	931	9311		9563	500	servicos.servicos
9571	Radiodiagnóstico - Coluna Vertebral                                                                                     	UN	9311	9	93	931	9311		9571	500	servicos.servicos
9580	Radiodianóstico  -  Esqueleto Toráxico e Membros Superiores                                                             	UN	9311	9	93	931	9311		9580	500	servicos.servicos
9598	Radiodiagnóstico - Bacia e Membros Inferiores                                                                           	UN	9311	9	93	931	9311		9598	500	servicos.servicos
9601	Radiodianóstico -   Órgãos Internos do Tórax                                                                            	UN	9311	9	93	931	9311		9601	500	servicos.servicos
9610	Radiodiagnóstico - Aparelho Digestivo                                                                                   	UN	9311	9	93	931	9311		9610	500	servicos.servicos
9628	Radiodiagnóstico - Aparelho Geniturinário                                                                               	UN	9311	9	93	931	9311		9628	500	servicos.servicos
9636	Radiodiagnóstico - Abdômen Simples - A. P.                                                                              	UN	9311	9	93	931	9311		9636	500	servicos.servicos
9644	Radiodiagnóstico - Abdômen - A. P. - Lat ou Localizada                                                                  	UN	9311	9	93	931	9311		9644	500	servicos.servicos
9652	Radiodiagnóstico - Abdômen Agudo                                                                                        	UN	9311	9	93	931	9311		9652	500	servicos.servicos
9660	Radiodianóstico -   Planigrafia de Osso                                                                                 	UN	9311	9	93	931	9311		9660	500	servicos.servicos
9679	Radiodianóstico -   Mamografia                                                                                          	UN	9311	9	93	931	9311		9679	500	servicos.servicos
9687	Radiodianóstico -   Localização Tridimensional de Corpo Estranho No Globo Ocular                                        	UN	9311	9	93	931	9311		9687	500	servicos.servicos
9695	Solda - Oxigênio                                                                                                        	UN	8599	8	85	859	8599		9695	500	servicos.servicos
9709	Solda - Elétrica                                                                                                        	UN	8599	8	85	859	8599		9709	500	servicos.servicos
9717	Torno - Barramento de 1 a 3 Metros                                                                                      	UN	8599	8	85	859	8599		9717	500	servicos.servicos
9725	Fresa - Morsa 1,20 Metro                                                                                                	UN	8599	8	85	859	8599		9725	500	servicos.servicos
9733	Radiodianóstico -   Xeromamografia                                                                                      	UN	9311	9	93	931	9311		9733	500	servicos.servicos
9741	Arqueamento de Mola de Suspensão                                                                                        	UN	97990	9	97	979	9799	97990	9741	500	servicos.servicos
9750	Radiodiagnóstico - Densitometria Óssea                                                                                  	UN	9311	9	93	931	9311		9750	500	servicos.servicos
9768	Radiodianóstico  -  Esqueleto( Incidências Básicas de CrânioColuna, Bacia e Membros )                                   	UN	9311	9	93	931	9311		9768	500	servicos.servicos
9776	Radiodiagnóstico - Broncografia Unilateral                                                                              	UN	9311	9	93	931	9311		9776	500	servicos.servicos
9784	Radiodianóstico  -  Laringografia                                                                                       	UN	9311	9	93	931	9311		9784	500	servicos.servicos
9792	Radiodianóstico -   Pneumoperitônio                                                                                     	UN	9311	9	93	931	9311		9792	500	servicos.servicos
9806	Radiodianóstico   - Ductografia                                                                                         	UN	9311	9	93	931	9311		9806	500	servicos.servicos
9814	Radiodianóstico -   Sialografia                                                                                         	UN	9311	9	93	931	9311		9814	500	servicos.servicos
9822	Radiodianóstico  -  Histerossalpingografia                                                                              	UN	9311	9	93	931	9311		9822	500	servicos.servicos
9830	Radiodianóstico -   Pneumopelvigrafia                                                                                   	UN	9311	9	93	931	9311		9830	500	servicos.servicos
9849	Radiodiagnóstico - Artrografia                                                                                          	UN	9311	9	93	931	9311		9849	500	servicos.servicos
9857	Radiodianóstico  -  Flebografia Intra - Óssea                                                                           	UN	9311	9	93	931	9311		9857	500	servicos.servicos
9865	Radiodianóstico  -  Fistulografia                                                                                       	UN	9311	9	93	931	9311		9865	500	servicos.servicos
9873	Radiodiagnóstico - Colangiografia Transcutânea                                                                          	UN	9311	9	93	931	9311		9873	500	servicos.servicos
9881	Radiodiagnóstico - Colangiografia Retrógrada                                                                            	UN	9311	9	93	931	9311		9881	500	servicos.servicos
9890	Radiodiagnóstico - Dacriocistografia                                                                                    	UN	9311	9	93	931	9311		9890	500	servicos.servicos
9903	Manutenção em Bomba e Bico Injetor de Combustível                                                                       	UN	8729	8	87	872	8729		9903	500	servicos.servicos
9911	"Passagem Aérea Nacional / Internacional - Reserva e Venda   ""inativo""                                                   "	UN	97990	9	97	979	9799	97990	9911	500	servicos.servicos
9920	Informação Sobre Roteiro Turístico Nacional e Internacional                                                             	UN	6782	6	67	678	6782		9920	500	servicos.servicos
9938	Informação Sobre Eventos Sociais, Esportivos, Culturais  Na-cionais e Internacionais                                    	UN	6782	6	67	678	6782		9938	500	servicos.servicos
9946	Reserva em Hotéis Nacionais e Internacionais                                                                            	UN	6311	6	63	631	6311		9946	500	servicos.servicos
9954	Instalação / Manutenção / Reparo - Porta Sanfonada /  Persiana ( Horizontal / Vertical )                                	UN	872	8	87	872			9954	500	servicos.servicos
9962	Manutenção em Piscinas                                                                                                  	UN	8512	8	85	851	8512		9962	500	servicos.servicos
9970	Reparo em Porta Sanfonada com Revestimento de Plástico                                                                  	UN	872	8	87	872			9970	500	servicos.servicos
9989	Manutenção e Reparo de Aparelhos Eletrodomésticos                                                                       	UN	8715	8	87	871	8715		9989	500	servicos.servicos
9997	Gráfico - Formulários Contínuos                                                                                         	UN	8912	8	89	891	8912		9997	500	servicos.servicos
10006	Gráfico - Envelopes                                                                                                     	UN	97990	9	97	979	9799	97990	10006	500	servicos.servicos
10014	Recrutamento e Seleção de Pessoal / Concurso Público / Vestibular                                                       	UN	851	8	85	851			10014	500	servicos.servicos
10022	Transcrição de Texto                                                                                                    	UN	97990	9	97	979	9799	97990	10022	500	servicos.servicos
10030	Confecção - Bordado - Aviamento de Roupa / fardamento / camiseta                                                        	UN	8812	8	88	881	8812		10030	500	servicos.servicos
10049	Publicação, Impressão de Jornal / Revista / Livro                                                                       	UN	8912	8	89	891	8912		10049	500	servicos.servicos
10057	Medicina Nuclear - In Vivo - Tratamento com Mibg                                                                        	UN	9311	9	93	931	9311		10057	500	servicos.servicos
10065	Medicina Nuclear - In Vivo - Densitometria Óssea Duo Energé-tico P/ Coluna Lombar e 1/3 Proximal do Femur ou Segmentos  	UN	9311	9	93	931	9311		10065	500	servicos.servicos
10073	Medicina Nuclear - In Vivo - Densitometria Óssea Prótese  Femur                                                         	UN	9311	9	93	931	9311		10073	500	servicos.servicos
10081	Medicina Nuclear - In Vivo - Morfometria Digital /  Coluna  Lombar                                                      	UN	9311	9	93	931	9311		10081	500	servicos.servicos
10090	Medicina Nuclear - In Vivo - Morfometria Digital / Fumur Proximal                                                       	UN	9311	9	93	931	9311		10090	500	servicos.servicos
10103	Plastificação de Documentos                                                                                             	UN	8912	8	89	891	8912		10103	500	servicos.servicos
4014	Locação de Veículos - Leves / Pesados                                                                                   	UN	732	7	73	732			4014	0	servicos.servicos
4022	Locação de Veículos - Pesados                                                                                           	D MÊS	7329	7	73	732	7329		4022	0	servicos.servicos
4030	Locação de Máquinas de Escavação / Terraplenagem / Agrícola                                                             	UN	732	7	73	732			4030	0	servicos.servicos
4049	Locação Equipamento Elevação / Movimentação de Carga                                                                    	UN	732	7	73	732			4049	0	servicos.servicos
4057	Locação de Andaimes                                                                                                     	UNM2	732	7	73	732			4057	0	servicos.servicos
4065	Locação de Equipamentos de Telecomunicações                                                                             	UN	732	7	73	732			4065	0	servicos.servicos
4073	Comercialização / Locação - Máquinas de Reprografia                                                                     								4073	0	servicos.servicos
4081	Prestação de Serviços Temporários                                                                                       	UN	851	8	85	851			4081	0	servicos.servicos
4090	Locação de Máquinas de Escrever e Calcular                                                                              	UN	731	7	73	731			4090	0	servicos.servicos
4103	Consultoria / Assessoria - Logística                                                                                    	UN	831	8	83	831			4103	0	servicos.servicos
4111	Informática - Disquete Formatado (Software)                                                                             	UN	73310	7	73	733	7331	73310	4111	0	servicos.servicos
4120	Energia Elétrica - Fornecimento Mercado Regulado                                                                        	UN	6911	6	69	691	6911		4120	0	servicos.servicos
4138	Fornecimento de Gás Canalizado                                                                                          	UN	6912	6	69	691	6912		4138	0	servicos.servicos
4146	Fornecimento de Água Canalizada                                                                                         	UN	692	6	69	692			4146	0	servicos.servicos
4154	"Fornecimento de Água Engarrafada "" Inativo ""                                                                            "	UN	97990	9	97	979	9799	97990	4154	0	servicos.servicos
4162	Atos e Solenidades Ecumênicas                                                                                           	UN	979	9	97	979			4162	0	servicos.servicos
4170	Serviço Funerário de Cremação / Sepultamento / Translado                                                                	H UN	973	9	97	973			4170	0	servicos.servicos
4189	Fretamento                                                                                                              	UN	732	7	73	732			4189	0	servicos.servicos
4197	Divulgação Escrita / Televisada                                                                                         	UN	844	8	84	844			4197	0	servicos.servicos
4200	Serviço Técnico de Divulgação Falada (Servicos Gerais)                                                                  	UN	844	8	84	844			4200	0	servicos.servicos
4219	Divulgação Televisada (Servicos Gerais)                                                                                 	UN	844	8	84	844			4219	0	servicos.servicos
4227	Publicações Promocionais / Editais                                                                                      	UN	836	8	83	836			4227	0	servicos.servicos
4235	Aquisição de Materiais para Distribuição Gratuita                                                                       	UN	97990	9	97	979	9799	97990	4235	0	servicos.servicos
4243	Assinatura de Jornais, Revistas e Periódicos                                                                            	UN	61251	6	61	612	6125	61251	4243	0	servicos.servicos
4251	Comunicação Telefônica - Locação / Serviço                                                                              	UN	841	8	84	841			4251	0	servicos.servicos
4260	Comunicação - Telex / Telégrafo                                                                                         	UN	841	8	84	841			4260	0	servicos.servicos
4278	Comunicação por Fac-Simile                                                                                              	UN	841	8	84	841			4278	0	servicos.servicos
4286	Comunicação por Correio                                                                                                 	UN	681	6	68	681			4286	0	servicos.servicos
4294	DESPESAS DE CARÁTER SECRETO OU RESERVADO                                                                                								4294	0	servicos.servicos
4308	"Locação de Veículos - Transporte de Pessoal "" Inativo ""                                                                 "	UN	67910	6	67	679	6791	67910	4308	0	servicos.servicos
4316	Locação de Imóvel                                                                                                       	UN	721	7	72	721			4316	0	servicos.servicos
4324	Estudos e Projetos de Instalação de Elevadores - InstalaçõesPrediais                                                    	UN	8319	8	83	831	8319		4324	0	servicos.servicos
4332	Divulgação Escrita (Servicos Técnicos Especializados)                                                                   	UN	841	8	84	841			4332	0	servicos.servicos
4340	Divulgação Falada (Servicos Técnicos Especializados)                                                                    	UN	841	8	84	841			4340	0	servicos.servicos
4359	Divulgação Televisada (Servicos Técnicos Especializados)                                                                	UN	841	8	84	841			4359	0	servicos.servicos
4367	Cartazes em Geral                                                                                                       	UN	891	8	89	891			4367	0	servicos.servicos
4375	Organização de Congresso, Simpósio, Conferência e Exposição                                                             	UN	951	9	95	951			4375	0	servicos.servicos
4383	Obras Civis de Instalação de Elevadores                                                                                 	UN	54691	5	54	546	5469	54691	4383	0	servicos.servicos
4391	Transporte Rodoviário - Pessoal por Coletivos (Auxílio Transporte)                                                      	UN	641	6	64	641			4391	0	servicos.servicos
4405	Locação / Manutenção de Equipamentos Permanentes                                                                        	UN	8715	8	87	871	8715		4405	0	servicos.servicos
4413	Locação de Materiais Permanentes                                                                                        	UN	8319	8	83	831	8319		4413	0	servicos.servicos
4421	Estudos e  Projetos de  Subestações de  Energia Elétrica até69kv                                                        	UN	8319	8	83	831	8319		4421	0	servicos.servicos
4430	Estudos e  Projetos  de  Subestações de Energia Elétrica até230kv                                                       	UN	8319	8	83	831	8319		4430	0	servicos.servicos
4448	Estudos e  Projetos  de  Subestações de Energia Elétrica até500kv                                                       	UN	8319	8	83	831	8319		4448	0	servicos.servicos
4456	Estudos e Projetos de Subestações de Energia Elétrica  acimade 500kv                                                    	UN	8319	8	83	831	8319		4456	0	servicos.servicos
4464	Estudos e Projetos de Subestações de Energia Elétrica Blindadas                                                         	UN	8319	8	83	831	8319		4464	0	servicos.servicos
4472	Estudos e Projetos de Linhas de Transmissão - Energia Elétrica até 69kv                                                 	UN	8319	8	83	831	8319		4472	0	servicos.servicos
4480	Estudos e Projetos de Linhas de Transmissão - Energia Elétrica até 230kv                                                	UN	8319	8	83	831	8319		4480	0	servicos.servicos
4499	Estudos e Projetos de Linhas de Transmissão - Energia Elétrica até 500kv                                                	UN	8319	8	83	831	8319		4499	0	servicos.servicos
4502	Estudos e Projetos de Linhas de Transmissão - Energia Elétrica Acima de 500kv                                           	UN	8319	8	83	831	8319		4502	0	servicos.servicos
4510	Estudos e Projetos de Sistemas de Proteção, Comando e Controle de Energia Elétrica                                      	UN	8319	8	83	831	8319		4510	0	servicos.servicos
4529	Auditoria em Área Industrial / Comercial                                                                                	UN	822	8	82	822			4529	0	servicos.servicos
4537	Auditoria em Área de Qualidade                                                                                          	UN	831	8	83	831			4537	0	servicos.servicos
4545	Obras Civis de Edificações Residenciais e Comerciais                                                                    	UN	541	5	54	541			4545	0	servicos.servicos
4553	Obras Civis de Edificações Industriais                                                                                  	UN	541	5	54	541			4553	0	servicos.servicos
4561	Obras Civis de Escavação                                                                                                	UNM3	5433	5	54	543	5433		4561	0	servicos.servicos
4570	Instalação / Montagem / Desmontagem / Manutenção / Usina Hi-drelétrica                                                  	UN	546	5	54	546			4570	0	servicos.servicos
4588	Instalação / Montagem / Desmontagem / Manutenção / Usina Hi-drelétrica até 10mw                                         	UN	546	5	54	546			4588	0	servicos.servicos
4596	Instalação e Montagem de Energia Elétrica Até 60kv                                                                      	UN	546	5	54	546			4596	0	servicos.servicos
4600	Instalação e Montagem de Subestações de Energia Elétrica até138kv                                                       	UN	546	5	54	546			4600	0	servicos.servicos
4618	Instalação e Montagem de Subestações de Energia Elétrica até230kv                                                       	UN	546	5	54	546			4618	0	servicos.servicos
4626	Instalação e Montagem de Subestações de Energia Elétrica até500kv                                                       	UN	546	5	54	546			4626	0	servicos.servicos
4634	Instalação e Montagem de Subestações de Energia Elétrica Acima de 500kv                                                 	UN	546	5	54	546			4634	0	servicos.servicos
4642	Instalação e Montagem de  Subestações  de  Energia  ElétricaBlindadas                                                   	UN	546	5	54	546			4642	0	servicos.servicos
4650	Instalação e Montagem Linhas de Transmissão - Energia Elétrica Até 690kv                                                	UN	546	5	54	546			4650	0	servicos.servicos
4669	Instalação e Montagem Linhas de Transmissão - Energia Elétrica Até 138kv                                                	UN	546	5	54	546			4669	0	servicos.servicos
4677	Instalação e Montagem Linhas de Transmissão - Energia Elétrica Até 230kv                                                	UN	546	5	54	546			4677	0	servicos.servicos
4685	Instalação e Montagem Linhas de Transmissão - Energia Elétrica Até 500kv                                                	UN	546	5	54	546			4685	0	servicos.servicos
4693	Instalação e Montagem Linhas de Transmissão - Energia Elétrica Acima de 500kv                                           	UN	546	5	54	546			4693	0	servicos.servicos
4707	Instalação e Montagem Linhas Aéreas de Distribuição de Ener-gia Elétrica                                                	UN	546	5	54	546			4707	0	servicos.servicos
4715	Instalação e Montagem Linhas Subterrâneas de  Distribuição -Energia Elétrica                                            	UN	546	5	54	546			4715	0	servicos.servicos
4723	Inspeções e Testes em Materiais e Equipamentos Mecânicos                                                                	UN	871	8	87	871			4723	0	servicos.servicos
4731	Inspeções e Testes em Equipamentos Mecânicos em Operação                                                                	UN	871	8	87	871			4731	0	servicos.servicos
4740	Monitoramento Estrutural                                                                                                	UN	5452	5	54	545	5452		4740	0	servicos.servicos
4758	Obras Civis de Usinas Hidrelétricas Acima de 10kv                                                                       	UN	546	5	54	546			4758	0	servicos.servicos
4766	Obras Civis de Usinas Hidrelétricas Até 10mw                                                                            	UN	546	5	54	546			4766	0	servicos.servicos
4774	Obras Civis de Usina Termoleletricas / Termonucleares /Solarfotovotaicas                                                	UN	5429	5	54	542	5429		4774	0	servicos.servicos
4782	Manutenção / Instalação de Transformadores Até 34,5kv                                                                   	UN	871	8	87	871			4782	0	servicos.servicos
4790	Manutenção / Instalação de Transformadores Acima de 34,5kv                                                              	UN	871	8	87	871			4790	0	servicos.servicos
4804	Manutenção de Chaves Seccionadoras Até 69kv                                                                             	UN	871	8	87	871			4804	0	servicos.servicos
4812	Manutenção de Chaves Seccionadoras Acima de 69kv                                                                        	UN	871	8	87	871			4812	0	servicos.servicos
4820	Manutenção de Disjuntores Até 69kv                                                                                      	UN	871	8	87	871			4820	0	servicos.servicos
4839	Manutenção de Disjuntores Acima de 69kv                                                                                 	UN	871	8	87	871			4839	0	servicos.servicos
4847	Manutenção de Medidores Residenciais de Energia Elétrica                                                                	UN	871	8	87	871			4847	0	servicos.servicos
4855	Manutenção de Medidores Industriais de Energia Elétrica                                                                 	UN	871	8	87	871			4855	0	servicos.servicos
4863	Manutenção de Isolamento Termo-Contratil                                                                                	UN	979	9	97	979			4863	0	servicos.servicos
4871	Manutenção de Subestações de Energia Elétrica Até 69kv                                                                  	UN	871	8	87	871			4871	0	servicos.servicos
4880	Manutenção de Subestações de Energia Elétrica Até 138kv                                                                 	UN	871	8	87	871			4880	0	servicos.servicos
4898	Manutenção de Subestações de Energia Elétrica Até 230kv                                                                 	UN	871	8	87	871			4898	0	servicos.servicos
4901	Manutenção de Subestações de Energia Elétrica Até 500kv                                                                 	UN	871	8	87	871			4901	0	servicos.servicos
4910	Manutenção de Subestações de Energia Elétrica Acima de 500kv                                                            	UN	871	8	87	871			4910	0	servicos.servicos
4928	Manutenção de Subestações de Energia Elétrica Blindadas                                                                 	UN	871	8	87	871			4928	0	servicos.servicos
4936	Manutenção de Linhas de Transmissão Energia Elétrica Desenergizadas                                                     	UN	8729	8	87	872	8729		4936	0	servicos.servicos
4944	Manutenção de Linhas de  Transmissão  Energia  Elétrica  até69kv                                                        	UN	8729	8	87	872	8729		4944	0	servicos.servicos
4995	Manutenção de Linhas de  Transmissão  Energia  Elétrica  até138kv                                                       	MÊS	8729	8	87	872	8729		4995	0	servicos.servicos
5029	Manutenção de Linhas de  Transmissão  Energia  Elétrica  até230kv                                                       	UN	8729	8	87	872	8729		5029	0	servicos.servicos
5037	Manutenção de Linhas de  Transmissão  Energia  Elétrica  até500kv                                                       	UN	8729	8	87	872	8729		5037	0	servicos.servicos
5045	Manutenção de Linhas de Transmissão Energia Elétrica  Energ.Acima de 500kv                                              	UN	8729	8	87	872	8729		5045	0	servicos.servicos
5053	Manutenção de Torres de Linhas de Transmissão                                                                           	UN	8729	8	87	872	8729		5053	0	servicos.servicos
5061	Manutenção de Linhas de Distribuição de Energia Elétrica Desenergizada                                                  	UN	8729	8	87	872	8729		5061	0	servicos.servicos
10111	Confecção de Crachás                                                                                                    	UN	8819	8	88	881	8819		10111	1000	servicos.servicos
10120	Manutenção em Máquina de Plastificar Documentos                                                                         	UN	8715	8	87	871	8715		10120	1000	servicos.servicos
10138	Editoração                                                                                                              	UN	8399	8	83	839	8399		10138	1000	servicos.servicos
10146	Alinhamento em Veículo Automotivo                                                                                       	UN	87141	8	87	871	8714	87141	10146	1000	servicos.servicos
10154	Balanceamento em Veículo Automotivo                                                                                     	UN	8714	8	87	871	8714		10154	1000	servicos.servicos
10162	Cambagem e Caster em Veículo Automotivo                                                                                 	UN	87141	8	87	871	8714	87141	10162	1000	servicos.servicos
10170	Recauchutagem / Recapagem / Montagem Pneus                                                                              	UN	8814	8	88	881	8814		10170	1000	servicos.servicos
10189	Exame Ultra - Sonográfico                                                                                               	UN	9311	9	93	931	9311		10189	1000	servicos.servicos
10197	Iconografia Pessoal / Dossies                                                                                           	UN	8399	8	83	839	8399		10197	1000	servicos.servicos
10200	Produção Jornalística                                                                                                   	UN	836	8	83	836			10200	1000	servicos.servicos
10219	Resenha de Notícia / Agenciamento de Informação / Sinopse / Recorte Notícia                                             	UN	844	8	84	844			10219	1000	servicos.servicos
10227	Radiodiagnóstico - Neuro - Radiologia                                                                                   	UN	9311	9	93	931	9311		10227	1000	servicos.servicos
10235	Radiodiagnóstico - Angiografia                                                                                          	UN	9311	9	93	931	9311		10235	1000	servicos.servicos
10243	Radiodiagnóstico - Embolização Arterial de Hemorragia  Digestiva                                                        	UN	9311	9	93	931	9311		10243	1000	servicos.servicos
10251	Radiodiagnóstico - Embolização / Esclerose Varizes  Esofagianas                                                         	UN	9311	9	93	931	9311		10251	1000	servicos.servicos
10260	Radiodiagnóstico - Quimioterapia Intra - Arterial Regional                                                              	UN	9311	9	93	931	9311		10260	1000	servicos.servicos
10278	Radiodiagnóstico - Biópsia Percutânea Orientada por Ct Us ou Rx                                                         	UN	9311	9	93	931	9311		10278	1000	servicos.servicos
10286	Radiodiagnóstico - Embolização de Tumor Aparelho Digestivo                                                              	UN	9311	9	93	931	9311		10286	1000	servicos.servicos
10294	Radiodiagnóstico - Embolização de Fístula ou Mal - Formação a V                                                         	UN	9311	9	93	931	9311		10294	1000	servicos.servicos
10308	Radiodiagnóstico - Drenagem de Coleções Viscerais ou  Cavitárias por Cateterismo Percutâneo                             	UN	9311	9	93	931	9311		10308	1000	servicos.servicos
10316	Radiodiagnóstico - Drenagem Biliar Percutânea Externa                                                                   	UN	9311	9	93	931	9311		10316	1000	servicos.servicos
10324	Radiodiagnóstico - Drenagem Biliar Percutânea Interna -   Externa                                                       	UN	9311	9	93	931	9311		10324	1000	servicos.servicos
10332	Radiodiagnóstico - Colocação de Prótese Biliar                                                                          	UN	9311	9	93	931	9311		10332	1000	servicos.servicos
10340	Radiodiagnóstico - Retirada Percutânea de Cálculos Biliares Residuais                                                   	UN	9311	9	93	931	9311		10340	1000	servicos.servicos
10359	Radiodiagnóstico - Esplenectomia por Embolização Percutânea                                                             	UN	9311	9	93	931	9311		10359	1000	servicos.servicos
10367	Radiodiagnóstico - Tratamento Isquemia por Inf. Infra - Arterial                                                        	UN	9311	9	93	931	9311		10367	1000	servicos.servicos
10375	Radiodiagnóstico - Tratamento Isquemia ou Sangramento  Genital Pós Embolização Arterial Regional                        	UN	9311	9	93	931	9311		10375	1000	servicos.servicos
10383	Radiodiagnóstico - Embolização de Tumores Dos Rins, Supra - Renais ou Bexiga                                            	UN	9311	9	93	931	9311		10383	1000	servicos.servicos
10391	Radiodiagnóstico - Quimioterapia Arterial Regional por  Cateterismo Percutâneo                                          	UN	9311	9	93	931	9311		10391	1000	servicos.servicos
10405	Radiodiagnóstico - Pielografia Anterograda Percutânea                                                                   	UN	9311	9	93	931	9311		10405	1000	servicos.servicos
10413	Radiodiagnóstico - Nefrostomia Percutânea                                                                               	UN	9311	9	93	931	9311		10413	1000	servicos.servicos
10421	Radiodiagnóstico - Colocação Percutânea Prótese Pielo - Vesical                                                         	UN	9311	9	93	931	9311		10421	1000	servicos.servicos
10430	Radiodiagnóstico - Nefrectomia por Embolização Percutânea Bilateral                                                     	UN	9311	9	93	931	9311		10430	1000	servicos.servicos
10464	Radiodiagnóstico - Tratamento Da Varicocele por Embolização ou Esclerose Percutânea                                     	UN	9311	9	93	931	9311		10464	1000	servicos.servicos
10472	Radiodiagnóstico - Punção de Cisto Renal                                                                                	UN	9311	9	93	931	9311		10472	1000	servicos.servicos
10480	Radiodiagnóstico - Drenagem de Coleções No Aparelho Uro - Genital                                                       	UN	9311	9	93	931	9311		10480	1000	servicos.servicos
10499	Radiodiagnóstico - Retirada Percutânea de Cálculos                                                                      	UN	9311	9	93	931	9311		10499	1000	servicos.servicos
10502	Radiodiagnóstico - Angioplastia Transluminal                                                                            	UN	9311	9	93	931	9311		10502	1000	servicos.servicos
10510	Radiodiagnóstico - Retirada Percutânea de Corpo Estranho                                                                	UN	9311	9	93	931	9311		10510	1000	servicos.servicos
10529	Radiodiagnóstico - Infusão Seletiva Intra - Muscular de Enzimas Trombolíticas                                           	UN	9311	9	93	931	9311		10529	1000	servicos.servicos
10537	Radiodiagnóstico - Embolização Percutânea de Fístulas e Mal - Formações Arteriovenosas Perifericas                      	UN	9311	9	93	931	9311		10537	1000	servicos.servicos
10553	Radiodiagnóstico - Tratamento Da Epistaxe por Embolização                                                               	UN	9311	9	93	931	9311		10553	1000	servicos.servicos
10561	Radiodiagnóstico - Embolização de Tumores Cabeça e Pescoço                                                              	UN	9311	9	93	931	9311		10561	1000	servicos.servicos
10570	Radiodiagnóstico - Tratamento Fístula Carótida - Cavernosa  por Colocação Percutânea de Balao                           	UN	9311	9	93	931	9311		10570	1000	servicos.servicos
10588	Radiodiagnóstico - Embolização Tumores Ósseos e Musculares                                                              	UN	9311	9	93	931	9311		10588	1000	servicos.servicos
10596	Radiodiagnóstico - Drenagem Percutânea de Coleções Músculo -Esqueléticas                                                	UN	9311	9	93	931	9311		10596	1000	servicos.servicos
10600	Radiodiagnóstico - Tratamento de Hemoptise por Embolização  Percutânea                                                  	UN	9311	9	93	931	9311		10600	1000	servicos.servicos
10618	Radiodiagnóstico - Drenagem Percutânea de Coleções No Tórax                                                             	UN	9311	9	93	931	9311		10618	1000	servicos.servicos
10626	Radiodiagnóstico - Punção Percutânea de Órgãos, Cavidades ou Espaços Anatomicos Profundos Orientados por Us, Rx, Ct, R  	UN	9311	9	93	931	9311		10626	1000	servicos.servicos
10634	Radiodiagnóstico - Punção de Coleções Superficiais Orientadopor Us ou Ct                                                	UN	9311	9	93	931	9311		10634	1000	servicos.servicos
10642	Radiodiagnóstico - Embolização Percutânea para Tratamento DaImpotência Sexual                                           	UN	9311	9	93	931	9311		10642	1000	servicos.servicos
10650	Dilatação Percutânea Estenose Biliar Anastomose  Bilio-Digestivo, Estenose Uretal, Prostata e Estenose do Tubo Digesti  	UN	9311	9	93	931	9311		10650	1000	servicos.servicos
10669	Quimioembolização Arterial ou Venosa de Órgão                                                                           	UN	9311	9	93	931	9311		10669	1000	servicos.servicos
10677	Aterectomia Percutânea                                                                                                  	UN	9311	9	93	931	9311		10677	1000	servicos.servicos
10685	Colocação Percutânea de Filtro Da Veia Cava                                                                             	UN	9311	9	93	931	9311		10685	1000	servicos.servicos
10693	Colocação Percutânea de Prótese Vascular                                                                                	UN	9311	9	93	931	9311		10693	1000	servicos.servicos
10707	Colocação Transcateter de Prótese Esofágica                                                                             	UN	9311	9	93	931	9311		10707	1000	servicos.servicos
10715	Colocação Transcateter de Prótese Brônquica ou Traqueal                                                                 	UN	9311	9	93	931	9311		10715	1000	servicos.servicos
10723	Embolização Percutânea de Angiomas Cerebrais e Medulares                                                                	UN	9311	9	93	931	9311		10723	1000	servicos.servicos
10731	Embolização Percutânea de Aneurisma Cerebral                                                                            	UN	9311	9	93	931	9311		10731	1000	servicos.servicos
10740	Exame por Tomografia Computadorizada                                                                                    	UN	9311	9	93	931	9311		10740	1000	servicos.servicos
10758	Terapia Clínica - Megavoltagem ( Acelerador,  Cobalto,   Elétrons )                                                     	UN	9311	9	93	931	9311		10758	1000	servicos.servicos
10766	Betaterapia                                                                                                             	UN	9311	9	93	931	9311		10766	1000	servicos.servicos
10774	Cesioterapia                                                                                                            	UN	9311	9	93	931	9311		10774	1000	servicos.servicos
10782	Cobaltoterapia                                                                                                          	UN	9311	9	93	931	9311		10782	1000	servicos.servicos
10790	Eletronterapia                                                                                                          	UN	9311	9	93	931	9311		10790	1000	servicos.servicos
10804	Roentgenterapia Até 400kv                                                                                               	UN	9311	9	93	931	9311		10804	1000	servicos.servicos
10812	Irradiação com Campo Alargado                                                                                           	UN	9311	9	93	931	9311		10812	1000	servicos.servicos
10820	Moldagem em Útero                                                                                                       	UN	9311	9	93	931	9311		10820	1000	servicos.servicos
10839	Moldagem ou Implante em Pele                                                                                            	UN	9311	9	93	931	9311		10839	1000	servicos.servicos
10847	Moldagem ou Implante em Mucosa                                                                                          	UN	9311	9	93	931	9311		10847	1000	servicos.servicos
10855	Radioimpante / Radiomoldagem com Fio Iridium                                                                            	UN	9311	9	93	931	9311		10855	1000	servicos.servicos
10863	Exame de Ressonância Magnética                                                                                          	UN	9311	9	93	931	9311		10863	1000	servicos.servicos
10871	Propedeutica Vascular Instrumental                                                                                      	UN	9311	9	93	931	9311		10871	1000	servicos.servicos
10880	Terapêutica Médica                                                                                                      	UN	9311	9	93	931	9311		10880	1000	servicos.servicos
10898	Cirurgia Venosa                                                                                                         	UN	9311	9	93	931	9311		10898	1000	servicos.servicos
10901	Cirurgia Arterial                                                                                                       	UN	9311	9	93	931	9311		10901	1000	servicos.servicos
10910	Cirurgia do Linfático                                                                                                   	UN	9311	9	93	931	9311		10910	1000	servicos.servicos
10928	Cirurgia Sobre Fístulas Artério Venosas Adquiridas / Congênitas                                                         	UN	9311	9	93	931	9311		10928	1000	servicos.servicos
10936	Cirurgia Vascular de Urgência - Amputação                                                                               	UN	9311	9	93	931	9311		10936	1000	servicos.servicos
10944	Angiografia Intervencionista                                                                                            	UN	9311	9	93	931	9311		10944	1000	servicos.servicos
10952	Cirurgia Cardíaca / Hemodinâmica                                                                                        	UN	9311	9	93	931	9311		10952	1000	servicos.servicos
10960	Hemodinâmica - Procedimentos Diagnósticos                                                                               	UN	9311	9	93	931	9311		10960	1000	servicos.servicos
10979	Hemodinâmica - Procedimentos Terapêuticos                                                                               	UN	9311	9	93	931	9311		10979	1000	servicos.servicos
10987	Cirurgia de Cabeça e Pescoço - Lábio                                                                                    	UN	9311	9	93	931	9311		10987	1000	servicos.servicos
10995	Cirurgia de Cabeça e Pescoço - Boca                                                                                     	UN	9311	9	93	931	9311		10995	1000	servicos.servicos
11002	Cirurgia de Cabeça e Pescoço - Língua                                                                                   	UN	9311	9	93	931	9311		11002	1000	servicos.servicos
11010	Cirurgia de Cabeça e Pescoço - Glândulas Salivares                                                                      	UN	9311	9	93	931	9311		11010	1000	servicos.servicos
11029	Cirurgia de Cabeça e Pescoço - Faringe                                                                                  	UN	9311	9	93	931	9311		11029	1000	servicos.servicos
11037	Cirurgia de Cabeça e Pescoço - Laringe                                                                                  	UN	9311	9	93	931	9311		11037	1000	servicos.servicos
11045	Cirurgia de Cabeça e Pescoço - Pálpebra / Cavidade Orbitáriae Olhos                                                     	UN	9311	9	93	931	9311		11045	1000	servicos.servicos
11053	Cirurgia de Cabeça e Pescoço - Pirâmide Nasal                                                                           	UN	9311	9	93	931	9311		11053	1000	servicos.servicos
11061	Cirurgia de Cabeça e Pescoço - Pavilhão Auricular                                                                       	UN	9311	9	93	931	9311		11061	1000	servicos.servicos
11070	Cirurgia de Cabeça e Pescoço - Seios Paranasais                                                                         	UN	9311	9	93	931	9311		11070	1000	servicos.servicos
11088	Cirurgia de Cabeça e Pescoço - Mandíbula                                                                                	UN	9311	9	93	931	9311		11088	1000	servicos.servicos
11096	Cirurgia de Cabeça e Pescoço - Esvaziamento Cervical                                                                    	UN	9311	9	93	931	9311		11096	1000	servicos.servicos
11100	Dermatologia Clínico / Cirúrgica - Diagnose                                                                             	UN	9311	9	93	931	9311		11100	1000	servicos.servicos
11118	Dermatologia Clínico / Cirúrgica - Terapia                                                                              	UN	9311	9	93	931	9311		11118	1000	servicos.servicos
11126	Dermatologia Clínico / Cirúrgica - Cirurgia                                                                             	UN	9311	9	93	931	9311		11126	1000	servicos.servicos
11134	Cirurgia Aparelho Digestivo - Esôfago                                                                                   	UN	9311	9	93	931	9311		11134	1000	servicos.servicos
11142	Cirurgia Aparelho Digestivo - Estômago                                                                                  	UN	9311	9	93	931	9311		11142	1000	servicos.servicos
11150	Cirurgia Aparelho Digestivo - Intestinos                                                                                	UN	9311	9	93	931	9311		11150	1000	servicos.servicos
11169	Cirurgia Aparelho Digestivo, Órgãos Anexos e  Parede  Abdominal - Ânus                                                  	UN	9311	9	93	931	9311		11169	1000	servicos.servicos
11177	Cirurgia Aparelho Digestivo e Órgãos Anexos - Fígado e Vias Biliares                                                    	UN	9311	9	93	931	9311		11177	1000	servicos.servicos
11185	Cirurgia Aparelho Digestivo e Órgãos Anexos - Pâncreas                                                                  	UN	9311	9	93	931	9311		11185	1000	servicos.servicos
11193	Cirurgia Aparelho Digestivo e Órgãos Anexos - Baço                                                                      	UN	9311	9	93	931	9311		11193	1000	servicos.servicos
11207	Cirurgia Aparelho Digestivo e Parede Abdominal - Abdômem /  Parede e Cavidade                                           	UN	9311	9	93	931	9311		11207	1000	servicos.servicos
11215	Cirurgia Endocrinológica - Paratireóides                                                                                	UN	9311	9	93	931	9311		11215	1000	servicos.servicos
11223	Cirurgia Endocrinológica - Supra Renal                                                                                  	UN	9311	9	93	931	9311		11223	1000	servicos.servicos
11231	Cirurgia Endocrinológica - Timo                                                                                         	UN	9311	9	93	931	9311		11231	1000	servicos.servicos
11240	Cirurgia Endocrinológica - Tireóide                                                                                     	UN	9311	9	93	931	9311		11240	1000	servicos.servicos
11258	Ginecologia e Obstetrícia - Diagnose                                                                                    	UN	9311	9	93	931	9311		11258	1000	servicos.servicos
11266	Ginecologia e Obstétrícia - Terapia Ambulatorial                                                                        	UN	9311	9	93	931	9311		11266	1000	servicos.servicos
11274	Cirurgia Ginecológica - Vulva                                                                                           	UN	9311	9	93	931	9311		11274	1000	servicos.servicos
11282	Cirurgia Ginecológica - Vagina                                                                                          	UN	9311	9	93	931	9311		11282	1000	servicos.servicos
11290	Cirurgia Ginecológica - Útero                                                                                           	UN	9311	9	93	931	9311		11290	1000	servicos.servicos
11304	Cirurgia Ginecológica - Ovários                                                                                         	UN	9311	9	93	931	9311		11304	1000	servicos.servicos
11312	Cirurgia Ginecológica - Trompas                                                                                         	UN	9311	9	93	931	9311		11312	1000	servicos.servicos
11320	Cirurgia Obstétrica - Parto                                                                                             	UN	9311	9	93	931	9311		11320	1000	servicos.servicos
11339	Cirurgia Obstétrica - Mama                                                                                              	UN	9311	9	93	931	9311		11339	1000	servicos.servicos
11347	Transplante Cutâneo com Microanastomose Vascular                                                                        	UN	9311	9	93	931	9311		11347	1000	servicos.servicos
11355	Transplante Muscular com Microanastomose Vascular                                                                       	UN	9311	9	93	931	9311		11355	1000	servicos.servicos
11363	Transplante Músculo - Cutâneo com Microanastomose Vascular                                                              	UN	9311	9	93	931	9311		11363	1000	servicos.servicos
11371	Transplante Ósseo Vascularizado e Transplante Osteomúsculo -Cutâneo Vascularizado com Microanastomose Vascular          	UN	9311	9	93	931	9311		11371	1000	servicos.servicos
11380	Microcirurgia Nas Grandes Reconstruções de Cabeça, Pescoço eNas Perdas de Substancias com Microanastomose Vascular      	UN	9311	9	93	931	9311		11380	1000	servicos.servicos
11398	Microcirurgia Abalação de Tumores Ao Nível Dos Membros  com Microanatomose Vascular                                     	UN	9311	9	93	931	9311		11398	1000	servicos.servicos
11401	Microcirurgia Dos Nervos Periféricos                                                                                    	UN	9311	9	93	931	9311		11401	1000	servicos.servicos
11410	Reimplante e Revascularização Dos Membros                                                                               	UN	9311	9	93	931	9311		11410	1000	servicos.servicos
11428	Transplante de Dedos do Pé para a Mão                                                                                   	UN	9311	9	93	931	9311		11428	1000	servicos.servicos
11436	Autotransplante de Testículo                                                                                            	UN	9311	9	93	931	9311		11436	1000	servicos.servicos
11444	Recanalização Dos Ductus Deferentes                                                                                     	UN	9311	9	93	931	9311		11444	1000	servicos.servicos
11452	Reimplante do Pênis                                                                                                     	UN	9311	9	93	931	9311		11452	1000	servicos.servicos
11460	Revascularização Dos Corpos Cavernosos                                                                                  	UN	9311	9	93	931	9311		11460	1000	servicos.servicos
11479	Cirurgia Da Mama                                                                                                        	UN	9311	9	93	931	9311		11479	1000	servicos.servicos
11487	Cirurgia Da Mão - Pele, Tecido Cutâneo e Facial                                                                         	UN	9311	9	93	931	9311		11487	1000	servicos.servicos
11495	Cirurgia Da Mão - Sistema Ósteo Articular                                                                               	UN	9311	9	93	931	9311		11495	1000	servicos.servicos
11509	Cirurgia Da Mão - Sistema Músculo Tendinoso                                                                             	UN	9311	9	93	931	9311		11509	1000	servicos.servicos
11517	Cirurgia Da Mão - Sistema Nervo Periférico                                                                              	UN	9311	9	93	931	9311		11517	1000	servicos.servicos
11525	Cirurgia Da Mão - Deformidade Congênita                                                                                 	UN	9311	9	93	931	9311		11525	1000	servicos.servicos
11533	Cirurgia Da Mão - Reimplante, Revascularização e Transplante                                                            	UN	9311	9	93	931	9311		11533	1000	servicos.servicos
11541	Neurocirurgia - Crânio                                                                                                  	UN	9311	9	93	931	9311		11541	1000	servicos.servicos
11550	Neurocirurgia - Pescoço                                                                                                 	UN	9311	9	93	931	9311		11550	1000	servicos.servicos
11568	Neurocirurgia - Coluna Vertebral                                                                                        	UN	9311	9	93	931	9311		11568	1000	servicos.servicos
11576	Neurocirurgia - Nervos                                                                                                  	UN	9311	9	93	931	9311		11576	1000	servicos.servicos
11584	Neurocirurgia - Sistema Simpático                                                                                       	UN	9311	9	93	931	9311		11584	1000	servicos.servicos
11592	Oftalmologia - Diagnose                                                                                                 	UN	9311	9	93	931	9311		11592	1000	servicos.servicos
11606	Oftalmologia - Terapia                                                                                                  	UNCONSMED	9311	9	93	931	9311		11606	1000	servicos.servicos
11614	Oftalmologia - Conjuntiva                                                                                               	UN	9311	9	93	931	9311		11614	1000	servicos.servicos
11622	Oftalmologia - Córnea                                                                                                   	UN	9311	9	93	931	9311		11622	1000	servicos.servicos
11630	Oftalmologia - Câmara Anterior                                                                                          	UN	9311	9	93	931	9311		11630	1000	servicos.servicos
11649	Oftalmologia - Cristalino                                                                                               	UN	9311	9	93	931	9311		11649	1000	servicos.servicos
11657	Oftalmologia - Corpo Vítreo                                                                                             	UN	9311	9	93	931	9311		11657	1000	servicos.servicos
11665	Oftalmologia - Esclera                                                                                                  	UN	9311	9	93	931	9311		11665	1000	servicos.servicos
11673	Oftalmologia - Bulbo Ocular                                                                                             	UN	9311	9	93	931	9311		11673	1000	servicos.servicos
11681	Oftalmologia - Íris e Corpo Ciliar                                                                                      	UN	9311	9	93	931	9311		11681	1000	servicos.servicos
11690	Oftalmologia - Músculos                                                                                                 	UN	9311	9	93	931	9311		11690	1000	servicos.servicos
11703	Oftalmologia - Órbita                                                                                                   	UN	9311	9	93	931	9311		11703	1000	servicos.servicos
11711	Oftalmologia - Pálpebra                                                                                                 	UN	9311	9	93	931	9311		11711	1000	servicos.servicos
11720	Oftalmologia - Retina                                                                                                   	UN	9311	9	93	931	9311		11720	1000	servicos.servicos
11738	Oftalmologia - Vias Lacrimais                                                                                           	UN	9311	9	93	931	9311		11738	1000	servicos.servicos
11746	Otorrinolaringologia - Diagnose                                                                                         	UN	9311	9	93	931	9311		11746	1000	servicos.servicos
11754	Otorrinolaringologia - Ouvido Externo                                                                                   	UN	9311	9	93	931	9311		11754	1000	servicos.servicos
11762	Otorrinolaringologia - Ouvido Médio                                                                                     	UN	9311	9	93	931	9311		11762	1000	servicos.servicos
11770	Otorrinolaringologia - Ouvido Interno                                                                                   	UN	9311	9	93	931	9311		11770	1000	servicos.servicos
11789	Otorrinolaringologia - Nariz                                                                                            	UN	9311	9	93	931	9311		11789	1000	servicos.servicos
11797	Otorrinolaringologia - Seios Paranasais                                                                                 	UN	9311	9	93	931	9311		11797	1000	servicos.servicos
11800	Otorrinolaringologia - Faringe                                                                                          	UN	9311	9	93	931	9311		11800	1000	servicos.servicos
11819	Ortopedia e Traumatologia - Coluna Vertebral                                                                            	UN	9311	9	93	931	9311		11819	1000	servicos.servicos
11827	Ortopedia e Traumatologia - Tórax                                                                                       	UN	9311	9	93	931	9311		11827	1000	servicos.servicos
11835	Ortopedia e Traumatologia - Cintura Escapular                                                                           	UN	9311	9	93	931	9311		11835	1000	servicos.servicos
11843	Ortopedia e Traumatologia - Articulação Escápulo - Umeral                                                               	UN	9311	9	93	931	9311		11843	1000	servicos.servicos
11851	Ortopedia e Traumatologia - Braço ( Úmero )                                                                             	UN	9311	9	93	931	9311		11851	1000	servicos.servicos
11860	Ortopedia e Traumatologia - Articulação do Cotovelo                                                                     	UN	9311	9	93	931	9311		11860	1000	servicos.servicos
11878	Ortopedia e Traumatologia - Antebraço                                                                                   	UN	9311	9	93	931	9311		11878	1000	servicos.servicos
11886	Ortopedia e Traumatologia - Punho                                                                                       	UN	9311	9	93	931	9311		11886	1000	servicos.servicos
11894	Ortopedia e Traumatologia - Mão                                                                                         	UN	9311	9	93	931	9311		11894	1000	servicos.servicos
11908	Ortopedia e Traumatologia - Cintura Pélvica                                                                             	UN	9311	9	93	931	9311		11908	1000	servicos.servicos
11916	Ortopedia e Traumatologia - Articulação Coxofemoral                                                                     	UN	9311	9	93	931	9311		11916	1000	servicos.servicos
11924	Ortopedia e Traumatologia - Coxa - Fêmur                                                                                	UN	9311	9	93	931	9311		11924	1000	servicos.servicos
11932	Ortopedia e Traumatologia - Articulação do Joelho                                                                       	UN	9311	9	93	931	9311		11932	1000	servicos.servicos
11940	Ortopedia e Traumatologia - Perna                                                                                       	UN	9311	9	93	931	9311		11940	1000	servicos.servicos
11959	Ortopedia e Traumatologia - Articulação do Tornozelo                                                                    	UN	9311	9	93	931	9311		11959	1000	servicos.servicos
11967	Ortopedia e Traumatologia - Pé                                                                                          	UN	9311	9	93	931	9311		11967	1000	servicos.servicos
11975	Ortopedia e Traumatologia - Músculos                                                                                    	UN	9311	9	93	931	9311		11975	1000	servicos.servicos
11983	Ortopedia e Traumatologia - Tendões, Bursas e Sinovia                                                                   	UN	9311	9	93	931	9311		11983	1000	servicos.servicos
11991	Ortopedia e Traumatologia - Corpo Estranho Intra - Articular/ Muscular/ Ósseo  ou Subcutaneo                            	UN	9311	9	93	931	9311		11991	1000	servicos.servicos
12009	Ortopedia e Traumatologia - Tração - Transesqueletica, Cutâ-nea, Femoral e Instalação de Halo Craniano                  	UN	9311	9	93	931	9311		12009	1000	servicos.servicos
12017	Ortopedia e Traumatologia - Retirada de Material de Síntese                                                             	UN	9311	9	93	931	9311		12017	1000	servicos.servicos
12025	Ortopedia e Traumatologia - Tumores Ósseos                                                                              	UN	9311	9	93	931	9311		12025	1000	servicos.servicos
12033	Ortopedia e Traumatologia - Imobilização Provisória -  Tala Gessada                                                     	UN	9311	9	93	931	9311		12033	1000	servicos.servicos
12041	Ortopedia e Traumatologia - Aparelhos Gessados                                                                          	UN	9311	9	93	931	9311		12041	1000	servicos.servicos
12050	Ortopedia e Traumatologia - Biópsia com Agulha ( Punção )                                                               	UN	9311	9	93	931	9311		12050	1000	servicos.servicos
12068	Ortopedia e Traumatologia - Enxerto em Pseudoartroses                                                                   	UN	9311	9	93	931	9311		12068	1000	servicos.servicos
12076	Ortopedia e Traumatologia - Infiltração ou Punção Articular                                                             	UN	9311	9	93	931	9311		12076	1000	servicos.servicos
12084	Ortopedia e Traumatologia - Artroscópia para Diagnóstico                                                                	UN	9311	9	93	931	9311		12084	1000	servicos.servicos
12092	Ortopedia e Traumatologia - Artroscópia para Cirurgia                                                                   	UN	9311	9	93	931	9311		12092	1000	servicos.servicos
12106	Ortopedia e Traumatologia - Retirada de Enxerto Ósseo                                                                   	UN	9311	9	93	931	9311		12106	1000	servicos.servicos
12114	Ortopedia e Traumatologia - Imobilização Não Gessada                                                                    	UN	9311	9	93	931	9311		12114	1000	servicos.servicos
12122	Ortopedia e Traumatologia - Manipulação Articular Sob Anestesia Geral                                                   	UN	9311	9	93	931	9311		12122	1000	servicos.servicos
12130	Cirurgia Pediátrica - Trato Digestivo                                                                                   	UN	9311	9	93	931	9311		12130	1000	servicos.servicos
12149	Cirurgia Pediátrica - Trato Urogenital                                                                                  	UN	9311	9	93	931	9311		12149	1000	servicos.servicos
12157	Cirurgia Pediátrica - Tórax                                                                                             	UN	9311	9	93	931	9311		12157	1000	servicos.servicos
12165	Cirurgia Pediátrica - Oncologia                                                                                         	UN	9311	9	93	931	9311		12165	1000	servicos.servicos
12173	Cirurgia Pediátrica - Parede, Pele, Tecido Subcutâneo                                                                   	UN	9311	9	93	931	9311		12173	1000	servicos.servicos
12181	Cirurgia Pediátrica - Dissecação de Veia Colocação Cateter  Central Npp ou Qt                                           	UN	9311	9	93	931	9311		12181	1000	servicos.servicos
12190	Cirurgia Plástica - Pele e Tecido Subcutâneo                                                                            	UN	9311	9	93	931	9311		12190	1000	servicos.servicos
12203	Cirurgia Plástica - Cavidade Oral                                                                                       	UN	9311	9	93	931	9311		12203	1000	servicos.servicos
12211	Cirurgia Pediátrica - Couro Cabeludo                                                                                    	UN	9311	9	93	931	9311		12211	1000	servicos.servicos
12220	Cirurgia Plástica - Face                                                                                                	UN	9311	9	93	931	9311		12220	1000	servicos.servicos
12238	Cirurgia Plástica - Genitália Masculina                                                                                 	UN	9311	9	93	931	9311		12238	1000	servicos.servicos
12246	Cirurgia Plástica - Genitália Feminina                                                                                  	UN	9311	9	93	931	9311		12246	1000	servicos.servicos
12254	Cirurgia Plástica - Lábios                                                                                              	UN	9311	9	93	931	9311		12254	1000	servicos.servicos
12262	Cirurgia Plástica - Membros - Braço, Antebraço, Coxa e Perna                                                            	UN	9311	9	93	931	9311		12262	1000	servicos.servicos
12270	Cirurgia Plástica - Mão                                                                                                 	UN	9311	9	93	931	9311		12270	1000	servicos.servicos
12289	Cirurgia Plástica - Nariz                                                                                               	UN	9311	9	93	931	9311		12289	1000	servicos.servicos
12297	Cirurgia Plástica - Pálpebra e Cavidade Orbitária                                                                       	UN	9311	9	93	931	9311		12297	1000	servicos.servicos
12300	Cirurgia Plástica - Pavilhão Auricular                                                                                  	UN	9311	9	93	931	9311		12300	1000	servicos.servicos
12319	Cirurgia Plástica - Pé                                                                                                  	UN	9311	9	93	931	9311		12319	1000	servicos.servicos
12327	Cirurgia Plástica - Pescoço                                                                                             	UN	9311	9	93	931	9311		12327	1000	servicos.servicos
12335	Cirurgia Plástica - Tórax e Abdomem                                                                                     	UN	9311	9	93	931	9311		12335	1000	servicos.servicos
12343	Cirurgia Plástica - Face ( Cirurgia Reparadora e Funcional )                                                            	UN	9311	9	93	931	9311		12343	1000	servicos.servicos
12351	Cirurgia Plástica - Face ( Sequela de Trauma )                                                                          	UN	9311	9	93	931	9311		12351	1000	servicos.servicos
12360	Cirurgia Plástica - Queimadura                                                                                          	UN	9311	9	93	931	9311		12360	1000	servicos.servicos
12378	Cirurgia Torácica - Pulmão                                                                                              	UN	9311	9	93	931	9311		12378	1000	servicos.servicos
12386	Cirurgia Torácica - Pleura                                                                                              	UN	9311	9	93	931	9311		12386	1000	servicos.servicos
12394	Cirurgia Torácica - Traquéia                                                                                            	UN	9311	9	93	931	9311		12394	1000	servicos.servicos
12408	Cirurgia Torácica - Brônquios                                                                                           	UN	9311	9	93	931	9311		12408	1000	servicos.servicos
12416	Cirurgia Torácica - Mediastino                                                                                          	UN	9311	9	93	931	9311		12416	1000	servicos.servicos
12424	Cirurgia Torácica - Parede Torácica                                                                                     	UN	9311	9	93	931	9311		12424	1000	servicos.servicos
12432	Urologia - Diagnose                                                                                                     	UN	9311	9	93	931	9311		12432	1000	servicos.servicos
12440	Urologia - Rim e Bacinete                                                                                               	UN	9311	9	93	931	9311		12440	1000	servicos.servicos
12459	Urologia - Ureter                                                                                                       	UN	9311	9	93	931	9311		12459	1000	servicos.servicos
12467	Urologia - Bexiga                                                                                                       	UN	9311	9	93	931	9311		12467	1000	servicos.servicos
12475	Urologia - Uretra                                                                                                       	UN	9311	9	93	931	9311		12475	1000	servicos.servicos
12483	Urologia - Próstata e Vesícula Seminal                                                                                  	UN	9311	9	93	931	9311		12483	1000	servicos.servicos
12491	Urologia - Bolsa Escrotal                                                                                               	UN	9311	9	93	931	9311		12491	1000	servicos.servicos
12505	Urologia - Testículo                                                                                                    	UN	9311	9	93	931	9311		12505	1000	servicos.servicos
12513	Urologia - Epidídimo                                                                                                    	UN	9311	9	93	931	9311		12513	1000	servicos.servicos
12521	Urologia - Cordão Espermático                                                                                           	UN	9311	9	93	931	9311		12521	1000	servicos.servicos
12530	Urologia - Pênis                                                                                                        	UN	9311	9	93	931	9311		12530	1000	servicos.servicos
12548	Urologia - Linfáticos                                                                                                   	UN	9311	9	93	931	9311		12548	1000	servicos.servicos
12556	Locação de Equipamento Audiovisual / Som / Vídeo / Filmagem                                                             	UN	7312	7	73	731	7312		12556	1000	servicos.servicos
12564	Consulta Médica - Psicologia                                                                                            	UN	9312	9	93	931	9312		12564	1000	servicos.servicos
12572	Psicologia - Terapia                                                                                                    	UN	9311	9	93	931	9311		12572	1000	servicos.servicos
12580	Manutenção e Reparo em Sistema Elétrico de Motocicleta                                                                  	UN	8714	8	87	871	8714		12580	1000	servicos.servicos
12599	Manutenção e Reparo em Sistema Mecânico de Motocicleta                                                                  	UN	8714	8	87	871	8714		12599	1000	servicos.servicos
12602	Assessoria em Relações Governamentais                                                                                   	UN	8319	8	83	831	8319		12602	1000	servicos.servicos
12610	Realização de Shows / Concursos / Artísticos / Culturais                                                                	UN	962	9	96	962			12610	1000	servicos.servicos
12629	"Recarga de Cartucho para Impressora ""Suspenso""                                                                          "	UN	8729	8	87	872	8729		12629	1000	servicos.servicos
12637	Tradução / Interpretação Simultânea / Consecutiva                                                                       	UN	8391	8	83	839	8391		12637	1000	servicos.servicos
12645	Redação / Revisão de Texto                                                                                              	UNLAU	8391	8	83	839	8391		12645	1000	servicos.servicos
12653	Treinamento - Língua Portuguesa                                                                                         	UN	929	9	92	929			12653	1000	servicos.servicos
12661	Manutenção e Reparo em Balanças Mecânicas / Eletrônicas                                                                 	UN	8715	8	87	871	8715		12661	1000	servicos.servicos
12670	Manutenção e Reparo de Implemento Agrícola                                                                              	UN	8715	8	87	871	8715		12670	1000	servicos.servicos
12688	Revelação de Filme Fotográfico / Ampliação de Fotografia                                                                	UN	838	8	83	838			12688	1000	servicos.servicos
12696	Limpeza / Recuperação de Carpetes e Tapetes                                                                             	UN	853	8	85	853			12696	1000	servicos.servicos
12700	Instalação de Forro / Peça Decorativa de Gesso - Teto / Parede                                                          	UNM2M	872	8	87	872			12700	1000	servicos.servicos
12718	Reprodução em Gesso de Obra de Arte                                                                                     	UN	964	9	96	964			12718	1000	servicos.servicos
12726	Estamparia de Peça - Aço Inoxidável / Metais Diversos                                                                   	UN	8594	8	85	859	8594		12726	1000	servicos.servicos
12734	Manutenção de Equipamento de Confecção de Placa de  CircuitoImpresso                                                    	UN	8715	8	87	871	8715		12734	1000	servicos.servicos
12742	Manutenção em Microscópio Óptico                                                                                        	UN	8715	8	87	871	8715		12742	1000	servicos.servicos
12750	Manutenção/ Reparo de Carro de Transporte de Carga / Porta /Porta de Ferro/ Grade de Ferro/ Coletor de Lixo             	UN	872	8	87	872			12750	1000	servicos.servicos
12769	Serviço Educacional - Básico / Fundamental                                                                              	UN	921	9	92	921			12769	1000	servicos.servicos
12777	Serviço Educacional -Básico / Fundamental / Médio / Superior                                                            	UN	929	9	92	929			12777	1000	servicos.servicos
12785	Serviço Educacional - Superior ( Graduação )                                                                            	UN	923	9	92	923			12785	1000	servicos.servicos
12793	Serviço Educacional - Pós - Graduação / Doutorado                                                                       	UN	923	9	92	923			12793	1000	servicos.servicos
12807	Buffet                                                                                                                  	UN	632	6	63	632			12807	1000	servicos.servicos
12815	Manutenção e Reparo de Cilindro / Pistão Hidráulico                                                                     	UN	8715	8	87	871	8715		12815	1000	servicos.servicos
12823	Treinamento / Elaboração de Tesauros / Vocabulário Controla-do                                                          	UN	929	9	92	929			12823	1000	servicos.servicos
12831	Transporte Rodoviário - Combustível / Lubrificante                                                                      	UN	643	6	64	643			12831	1000	servicos.servicos
12840	Ilustração de Caracteres Botânicos / Anatômicos                                                                         	UN	834	8	83	834			12840	1000	servicos.servicos
12858	Laboratório para Anatomia Da Madeira                                                                                    	UN	834	8	83	834			12858	1000	servicos.servicos
12866	Encadernação /Desencadernação - Livro / Revista (Folhas soltas)                                                         	UN	8399	8	83	839	8399		12866	1000	servicos.servicos
12874	Confecção de Carteira -Tipo Porta Documento / Dinheiro                                                                  	UN	8819	8	88	881	8819		12874	1000	servicos.servicos
12882	Confecção Pasta - Uso Pessoal para Documento / Congresso                                                                	UN	8819	8	88	881	8819		12882	1000	servicos.servicos
12890	Gravação Tipo Douração / Baixo Relevo                                                                                   	UN	8594	8	85	859	8594		12890	1000	servicos.servicos
12904	Elaboração de Arte - Gráfica                                                                                            	UN	8399	8	83	839	8399		12904	1000	servicos.servicos
12912	Previdência Complementar                                                                                                	UN	713	7	71	713			12912	1000	servicos.servicos
12920	Assistência Médica - Hospitalar / Domiciliar complementar deSaúde / Convênio                                            	UN	9311	9	93	931	9311		12920	1000	servicos.servicos
12939	Assistência Social                                                                                                      	UN	933	9	93	933			12939	1000	servicos.servicos
12947	Desmontagem de Estrutura de Aeronave                                                                                    	UN	8599	8	85	859	8599		12947	1000	servicos.servicos
12955	Locução de Texto / Mestre de Cerimônia / Locutor /  Apresen-tador                                                       	UN	969	9	96	969			12955	1000	servicos.servicos
12963	Instalação/Montagem/Desmontagem/Remoção  - Aparelhos Médico/Odontológico/Hospitalar                                     	UN	8735	8	87	873	8735		12963	1000	servicos.servicos
12971	Instalação e Montagem de Central de Esterilização                                                                       	UN	873	8	87	873			12971	1000	servicos.servicos
12980	Manutenção de Central de Esterilização                                                                                  	UN	8729	8	87	872	8729		12980	1000	servicos.servicos
12998	Instalação e Montagem de Lavanderia Hospitalar / Industrial                                                             	UN	873	8	87	873			12998	1000	servicos.servicos
13005	Manutenção de Lavanderia Hospitalar / Industrial                                                                        	UN	8729	8	87	872	8729		13005	1000	servicos.servicos
13013	Instalação e Montagem de Mobiliário Hospitalar                                                                          	UN	873	8	87	873			13013	1000	servicos.servicos
13021	Manutenção de Mobiliário Hospitalar                                                                                     	UN	8724	8	87	872	8724		13021	1000	servicos.servicos
13030	Manutenção de Prensa                                                                                                    	UN	8729	8	87	872	8729		13030	1000	servicos.servicos
13048	Manutenção de Secadora Industrial de Roupa                                                                              	UN	8715	8	87	871	8715		13048	1000	servicos.servicos
13056	Manutenção de Lavadora Industrial de Roupa                                                                              	UN	8715	8	87	871	8715		13056	1000	servicos.servicos
13064	Manutenção de Centrífuga de Secagem Industrial de Roupa                                                                 	UN	8715	8	87	871	8715		13064	1000	servicos.servicos
13072	Manutenção de Calandra Tipo - Industrial                                                                                	UN	8715	8	87	871	8715		13072	1000	servicos.servicos
13080	Estofamento / Capotaria de automóvel                                                                                    	UN	8729	8	87	872	8729		13080	1000	servicos.servicos
13099	Locação / Montagem / Desmontagem de Stands e Projetos em Feiras e Exposições                                            	UN	7329	7	73	732	7329		13099	1000	servicos.servicos
13102	Instalação / Montagem / Assistência Técnica de Sistema   de Arquivamento Deslizante                                     	UN	8739	8	87	873	8739		13102	1000	servicos.servicos
13110	Instalação / Montagem / Assistência Técnica de Fichário Tipo- Eletromecânico Rotativo                                   	UN	8739	8	87	873	8739		13110	1000	servicos.servicos
13129	Manutenção / Instalações Prediais Eletrônicas                                                                           	UN	54699	5	54	546	5469	54699	13129	1000	servicos.servicos
13137	Confecção / Instalação - Vidro / Espelho / Moldura                                                                      	UNM2	873	8	87	873			13137	1000	servicos.servicos
13145	Manutenção e Reparo de Arma de Fogo                                                                                     	UN	872	8	87	872			13145	1000	servicos.servicos
13153	Assessoria e Planejamento - Indústria Gráfica                                                                           	UN	8319	8	83	831	8319		13153	1000	servicos.servicos
13161	Coleta de Amostra de Rocha - Caverna / Montanha / Lago / Mar                                                            	UN	839	8	83	839			13161	1000	servicos.servicos
13170	Captura / Coleta / Registro de Animal                                                                                   	UN	839	8	83	839			13170	1000	servicos.servicos
13188	Coleta de Vegetais - Caverna / Montanha / Lago / Mar                                                                    	UN	839	8	83	839			13188	1000	servicos.servicos
13196	Recuperação de Ecossistema Agredido                                                                                     	UN	949	9	94	949			13196	1000	servicos.servicos
13200	Confecção de Móvel de Madeira com / sem Revestimento de Fór-Mica                                                        	UN	951	9	95	951			13200	1000	servicos.servicos
13218	Coleta de Amostra de Rocha em Caverna                                                                                   	UN	839	8	83	839			13218	1000	servicos.servicos
13226	Coleta de Amostra de Rocha em Montanha                                                                                  	UN	839	8	83	839			13226	1000	servicos.servicos
13234	Coleta de Amostra de Rocha em Lago                                                                                      	UN	839	8	83	839			13234	1000	servicos.servicos
13242	Coleta de Amostra de Rocha No Mar                                                                                       	UN	839	8	83	839			13242	1000	servicos.servicos
13250	"Coleta / Captura de Animal em Caverna ""Inativo""                                                                         "	UN	97990	9	97	979	9799	97990	13250	1000	servicos.servicos
13269	"Coleta / Captura de Animal em Montanha ""Inativo""                                                                        "	UN	97990	9	97	979	9799	97990	13269	1000	servicos.servicos
13277	"Coleta / Captura de Animal em Lago ""Inativo""                                                                            "	UN	97990	9	97	979	9799	97990	13277	1000	servicos.servicos
13285	"Coleta / Captura de Animal No Mar ""Inativo""                                                                             "	UN	97990	9	97	979	9799	97990	13285	1000	servicos.servicos
13293	Coleta de Vegetal em Caverna                                                                                            	UN	839	8	83	839			13293	1000	servicos.servicos
13307	Coleta de Vegetal em Montanha                                                                                           	UN	839	8	83	839			13307	1000	servicos.servicos
13315	Coleta de Vegetal em Lago                                                                                               	UN	839	8	83	839			13315	1000	servicos.servicos
13323	Coleta de Vegetal No Mar                                                                                                	UN	839	8	83	839			13323	1000	servicos.servicos
13331	Instalação de Sistema Eletrônico Integrado  de  Segurança  -(Pessoal / Patrimonial)                                     	UN	873	8	87	873			13331	1000	servicos.servicos
13340	Corretagem - Plano de Saúde                                                                                             	UN	873	8	87	873			13340	1000	servicos.servicos
13358	Recuperação Obra Rara - Livro / Documento                                                                               	UN	964	9	96	964			13358	1000	servicos.servicos
13366	Recuperação Obra de Arte - Quadro / Pintura                                                                             	UN	964	9	96	964			13366	1000	servicos.servicos
13374	Recuperação Obra de Arte - Escultura                                                                                    	UN	964	9	96	964			13374	1000	servicos.servicos
13382	Instrutor de Direção Veículo Automotor - Automóvel / VeículoPesado                                                      	UN	8512	8	85	851	8512		13382	1000	servicos.servicos
13390	Instrutor de Direção Veículo Automotor - Motocicleta                                                                    	UN	8512	8	85	851	8512		13390	1000	servicos.servicos
13404	Treinamento de Bombeiro Particular / Brigada Contra Incêndio                                                            	UN	92900	9	92	929	9290	92900	13404	1000	servicos.servicos
13412	Calafetação de Piso                                                                                                     	UN	5475	5	54	547	5475		13412	1000	servicos.servicos
13420	Revestimento de Assoalho por Verniz                                                                                     	UN	5475	5	54	547	5475		13420	1000	servicos.servicos
13439	Prestação de Serviços de Ascensorista                                                                                   	UN	8512	8	85	851	8512		13439	1000	servicos.servicos
13447	Prestação de Serviços de Telefonista                                                                                    	UN	8512	8	85	851	8512		13447	1000	servicos.servicos
13455	Obras Civis - Pequenas Obras / Pintura em Geral                                                                         	UNMÊS M2M	542	5	54	542			13455	1000	servicos.servicos
13463	Retífica de Motor de Combustão Interna                                                                                  	UN	979	9	97	979			13463	1000	servicos.servicos
13471	Pintura Veículos Leves - Secagem por Estufa                                                                             	UN	872	8	87	872			13471	1000	servicos.servicos
13480	Pintura Veículo Pesado - Secagem por Estufa                                                                             	UN	872	8	87	872			13480	1000	servicos.servicos
13498	Regulagem de Carburador de Motor a  Explosão  -  CombustívelÁlcool / Gasolina                                           	UN	872	8	87	872			13498	1000	servicos.servicos
13501	Instalação de Aparelho Óptico                                                                                           	UN	873	8	87	873			13501	1000	servicos.servicos
13510	Instalação de Aparelho Oftalmológico                                                                                    	UN	873	8	87	873			13510	1000	servicos.servicos
13528	Manutenção de Aparelho Oftalmológico                                                                                    	UN	8715	8	87	871	8715		13528	1000	servicos.servicos
13536	Manutenção / Reparo de Aparelho Óptico                                                                                  	UN	8715	8	87	871	8715		13536	1000	servicos.servicos
13544	Lavagem de Veículo Automotivo                                                                                           	UN	853	8	85	853			13544	1000	servicos.servicos
13552	Reparo de Pneu / Câmara de Ar                                                                                           	UN	872	8	87	872			13552	1000	servicos.servicos
13560	Troca de Óleo de Veículo Automotivo                                                                                     	UN	872	8	87	872			13560	1000	servicos.servicos
13579	Montagem / Desmontagem - Manutenção / Reparo em Carrocerias,Carroças e Carretas de Madeira                              	UN	872	8	87	872			13579	1000	servicos.servicos
13587	Confecção Artefato de Madeira                                                                                           	UN	8819	8	88	881	8819		13587	1000	servicos.servicos
13595	Manutenção / Higienização de Reservatório de Água Potável                                                               	UNM2M3	853	8	85	853			13595	1000	servicos.servicos
13609	Recuperação de Esquadria Metálica / Grelhas                                                                             	UN	872	8	87	872			13609	1000	servicos.servicos
13617	Polimento Manual em Pintura Tipo Automotiva                                                                             	UN	853	8	85	853			13617	1000	servicos.servicos
13625	Pintura Automotiva - Polimento Mecanizado                                                                               	UN	853	8	85	853			13625	1000	servicos.servicos
13633	Manutenção de Sistema de Termometria de Silo / Armazém Graneleiro                                                       	UN	8729	8	87	872	8729		13633	1000	servicos.servicos
13641	Obras Civis de Piscinas - Concreto Armado                                                                               	UN	545	5	54	545			13641	1000	servicos.servicos
13650	Obras Civis de Piscinas - Fibra de Vidro                                                                                	UN	545	5	54	545			13650	1000	servicos.servicos
13668	Estudos e Projetos de Instalação de Rede Local de Microcomputador                                                       	UN	8315	8	83	831	8315		13668	1000	servicos.servicos
13676	Instalação de Rede Local de Microcomputador                                                                             	UN	873	8	87	873			13676	1000	servicos.servicos
13684	Estudos e Projetos de Instalação de Rede Comunicação / Local                                                            	UN	8315	8	83	831	8315		13684	1000	servicos.servicos
13692	Instalação e Montagem de Rede Local de Conectividade                                                                    	UN	8339	8	83	833	8339		13692	1000	servicos.servicos
13706	Pregão Público em Bolsa de Cereal                                                                                       	UN	839	8	83	839			13706	1000	servicos.servicos
13714	Pregão Público em Bolsa de Valor                                                                                        	UN	839	8	83	839			13714	1000	servicos.servicos
13722	Manutenção e Reparo em Pára-Raio                                                                                        	UN	8729	8	87	872	8729		13722	1000	servicos.servicos
13730	Coordenação / Controle de Serviço Projeção (Slide-Desk)                                                                 	UN	8512	8	85	851	8512		13730	1000	servicos.servicos
13749	Gravação - Degravação - Imagem / Som / Dados                                                                            	UN	8599	8	85	859	8599		13749	1000	servicos.servicos
13757	Instalação / Manutenção / Operação / Locação  -  Equipamentode Luz / Imagem / Som                                       	UN	873	8	87	873			13757	1000	servicos.servicos
13765	Locação de Equipamento de Topografia                                                                                    	UN	7329	7	73	732	7329		13765	1000	servicos.servicos
13773	Manutenção e Reparo de Equipamentos de Topografia                                                                       	UN	8715	8	87	871	8715		13773	1000	servicos.servicos
13781	Consultoria Técnica - Documentação                                                                                      	UN	8312	8	83	831	8312		13781	1000	servicos.servicos
13790	Treinamento de Pessoal para Documentação                                                                                	UN	929	9	92	929			13790	1000	servicos.servicos
13803	Armazenamento / Conservação / Guarda de Grão                                                                            	UN	672	6	67	672			13803	1000	servicos.servicos
13811	Serviço Bancário                                                                                                        	UN	712	7	71	712			13811	1000	servicos.servicos
13820	"Fornecimento de Cesta Básica de Alimento ""Inativo""                                                                      "	UN	97990	9	97	979	9799	97990	13820	1000	servicos.servicos
13838	Estudos e Projetos de Sistemas de Detecção / Proteção ContraLuz / Calor / Radiação                                      	UN	8319	8	83	831	8319		13838	1000	servicos.servicos
13846	Aferição / Controle de Qualidade de Aparelhos Detectores/Emissores - Luz / Calor / Radiação / Som / Vibração            	UN	8729	8	87	872	8729		13846	1000	servicos.servicos
13854	Manutenção e Reparo em Aparelho Auditivo.                                                                               	UN	8729	8	87	872	8729		13854	1000	servicos.servicos
13862	"Roçada/Capina/Limpeza de Área-Manual E/Ou Mecânica "" Inativo                                                            "	UN	85340	8	85	853	8534	85340	13862	1000	servicos.servicos
13870	Consulta Médica - Acupuntura                                                                                            	UN	9312	9	93	931	9312		13870	1000	servicos.servicos
13889	Terapia - Acupuntura                                                                                                    	UN	9311	9	93	931	9311		13889	1000	servicos.servicos
13897	Agenciamento de Carga Aérea / Terrestre / Marítima / Fluvial                                                            	UN	679	6	67	679			13897	1000	servicos.servicos
13900	Hospedagem Animal                                                                                                       	UN	979	9	97	979			13900	1000	servicos.servicos
13919	Coleta e Transporte de Documento Comercial / Sigiloso                                                                   	UN	8599	8	85	859	8599		13919	1000	servicos.servicos
13927	Confecção de Peça - Decoração / Museu                                                                                   	UN	8819	8	88	881	8819		13927	1000	servicos.servicos
13935	Disponibilização de Linha para Comunicação / Transmissão  deDados                                                       	UN	859	8	85	859			13935	1000	servicos.servicos
13943	Corretagem - Seguro                                                                                                     	UN	713	7	71	713			13943	1000	servicos.servicos
13951	Consulta Médica - Ginecologia / Obstetricia                                                                             	UN	9312	9	93	931	9312		13951	1000	servicos.servicos
13960	Guarda / Custódia Valor (Cofre de Aluguel / Caixa Forte)                                                                	UN	8525	8	85	852	8525		13960	1000	servicos.servicos
13978	Consulta Médica - Ortopedia                                                                                             	UN	9312	9	93	931	9312		13978	1000	servicos.servicos
13986	Estudos e Projetos de Sistema de Irrigação                                                                              	UN	8319	8	83	831	8319		13986	1000	servicos.servicos
13994	Manutenção e Reparo de Equipamento Aviônico                                                                             	UN	8715	8	87	871	8715		13994	1000	servicos.servicos
14001	Serviço Veterinário                                                                                                     	UN	932	9	93	932			14001	1000	servicos.servicos
14010	Informática - Estudo e Projeto de Instalações Físicas                                                                   	UN	8319	8	83	831	8319		14010	1000	servicos.servicos
14028	Recuperação Monumento Histórico / Edificação Antiga                                                                     	UN	9641	9	96	964	9641		14028	1000	servicos.servicos
14036	Organização de Arquivo                                                                                                  	UN	845	8	84	845			14036	1000	servicos.servicos
14044	Roçada / Limpeza de Área - Mecanizada / Manual                                                                          	M2	853	8	85	853			14044	1000	servicos.servicos
14052	Remoção de Enfermo / Uti Móvel                                                                                          	UN	9311	9	93	931	9311		14052	1000	servicos.servicos
14060	Terapia - Psiquiatria                                                                                                   	UN	9311	9	93	931	9311		14060	1000	servicos.servicos
14079	Guarda - Móveis                                                                                                         	UNMÊS M3	852	8	85	852			14079	1000	servicos.servicos
14087	Armazenagem em Geral                                                                                                    	UN	672	6	67	672			14087	1000	servicos.servicos
14095	Pesquisa Histórica / Documental                                                                                         	UN	8370	8	83	837	8370		14095	1000	servicos.servicos
14109	Administração de Tíquete ( Ticket ) / Vale Alimentação (Car-tão Eletrônico) - Sistema Convênio                          	UN	8599	8	85	859	8599		14109	1000	servicos.servicos
14117	Armazenagem Frigorífica                                                                                                 	UN	672	6	67	672			14117	1000	servicos.servicos
14125	Inseminação Artificial de Animal                                                                                        	UN	8399	8	83	839	8399		14125	1000	servicos.servicos
14133	Manutenção de Molde para Injeção de Peça                                                                                	UN	872	8	87	872			14133	1000	servicos.servicos
14141	Consultoria e Assessoria - Rural ( Agricultura / Pecuária )                                                             	UN	8319	8	83	831	8319		14141	1000	servicos.servicos
14150	Tratamento de Água para Consumo Humano / Industrial                                                                     	UN	943	9	94	943			14150	1000	servicos.servicos
14168	Estudos e Projetos de Auditórios                                                                                        	UN	8399	8	83	839	8399		14168	1000	servicos.servicos
14176	Telemarketing                                                                                                           	UN	843	8	84	843			14176	1000	servicos.servicos
14184	Estudos e Projetos Sistema Integrado -  Segurança  Pessoal /Patrimonial                                                 	UN	852	8	85	852			14184	1000	servicos.servicos
14192	Confecção de Artefato de Couro por Solda / Costura                                                                      	UN	8819	8	88	881	8819		14192	1000	servicos.servicos
14206	Locação de Equipamento de Laboratório                                                                                   	UN	732	7	73	732			14206	1000	servicos.servicos
14214	Solda por Fricção                                                                                                       	UN	979	9	97	979			14214	1000	servicos.servicos
14222	Classificação de Produto ( Material )                                                                                   	UN	8599	8	85	859	8599		14222	1000	servicos.servicos
14230	Radiochamada                                                                                                            	UN	8599	8	85	859	8599		14230	1000	servicos.servicos
14249	Confecção / Manutenção de Painel Visual                                                                                 	UN	8819	8	88	881	8819		14249	1000	servicos.servicos
14257	"Fornecimento de Medicamento - Sistema Convênio ""Inativo""                                                                "	UN	85990	8	85	859	8599	85990	14257	1000	servicos.servicos
14265	Coleta de Lixo - Residencial / Comercial / Industrial                                                                   	UNM3L KGT	853	8	85	853			14265	1000	servicos.servicos
14273	Esterilização - Reprocessamento de Artigo / Instrumento  Mé-dico Cirúrgico                                              	UN	9311	9	93	931	9311		14273	1000	servicos.servicos
14281	Advocacia                                                                                                               	UN	821	8	82	821			14281	1000	servicos.servicos
14290	Refino de Produto Químico                                                                                               	UN	839	8	83	839			14290	1000	servicos.servicos
14303	Locação de Equipamento de Microfilmagem                                                                                 	UN	7329	7	73	732	7329		14303	1000	servicos.servicos
14311	Orientação / Educação - Atividade Física                                                                                	UNHOMEM/H MÊS	9659	9	96	965	9659		14311	1000	servicos.servicos
14320	Carregamento de Material Bélico                                                                                         	UN	8399	8	83	839	8399		14320	1000	servicos.servicos
14338	Atendimento Médico em Uti Neonatal / Pedriátrica / Adulto                                                               	UN	9311	9	93	931	9311		14338	1000	servicos.servicos
14346	Prestação de Serviços de Garagista / Manobrista                                                                         	UN	8512	8	85	851	8512		14346	1000	servicos.servicos
14354	Prestação de Serviços de Eletricista                                                                                    	UN	8512	8	85	851	8512		14354	1000	servicos.servicos
14362	Agropecuária - Administração e Comercialização de Produção                                                              	UN	861	8	86	861			14362	1000	servicos.servicos
14370	Gráfico - Impresso Uso Oficial / Segurança                                                                              	CÓPIA CÓPIA/M	859	8	85	859			14370	1000	servicos.servicos
14389	Prestação de Serviços de Operador de Carga e Descarga                                                                   	UN	859	8	85	859			14389	1000	servicos.servicos
14397	Prestação de Serviços de Copeiragem                                                                                     	UN	859	8	85	859			14397	1000	servicos.servicos
14400	Desentupimento                                                                                                          	UN	979	9	97	979			14400	1000	servicos.servicos
14419	Transporte de Mudança - Internacional                                                                                   	UNM3	677	6	67	677			14419	1000	servicos.servicos
14427	Aferição, Calibração e Medição de Máquinas / Instrumentos  /Sensores / Padrões / Equipamentos                           	UN	872	8	87	872			14427	1000	servicos.servicos
14435	Aferição e/ou Calibragem de Máquina Universal de Ensaios                                                                	UN	872	8	87	872			14435	1000	servicos.servicos
14443	Aferição e/ou Calibração de Instrumento de  Medir  Força  deUso Geral                                                   	UN	872	8	87	872			14443	1000	servicos.servicos
14451	Aferição de Instrumento Digital e Analógico                                                                             	UN	872	8	87	872			14451	1000	servicos.servicos
14460	Aferição e/ou Calibração de Sensores                                                                                    	UN	872	8	87	872			14460	1000	servicos.servicos
14478	Aferição, Calibração e Medição de Avaliação Geométrica                                                                  	UN	872	8	87	872			14478	1000	servicos.servicos
14486	Informática - Digitalização de Documento                                                                                	UN	8599	8	85	859	8599		14486	1000	servicos.servicos
14494	Gravação de Disco Óptico                                                                                                	UN	8912	8	89	891	8912		14494	1000	servicos.servicos
14508	Prestação de Serviços de Segurança                                                                                      	UN	851	8	85	851			14508	1000	servicos.servicos
14516	Teste de Impressão ( Prova de Prelo )                                                                                   	UN	8599	8	85	859	8599		14516	1000	servicos.servicos
14524	Avaliação Radiométrica                                                                                                  	UN	8356	8	83	835	8356		14524	1000	servicos.servicos
14532	Monitorização de Alarme                                                                                                 								14532	1000	servicos.servicos
14540	Confecção de Prótese de Membro Inferior  - Amputação  Abaixodo Joelho                                                   	UN	8819	8	88	881	8819		14540	1000	servicos.servicos
14559	Confecção de Prótese de Membro Inferior - Amputação Acima doJoelho                                                      	UN	8819	8	88	881	8819		14559	1000	servicos.servicos
14567	Confecção de Prótese para Membros Superiores                                                                            	UN	8819	8	88	881	8819		14567	1000	servicos.servicos
14575	Confecção de Prótese para Amputação Parcial de Mão e Dedos -Luva Cosmética                                              	UN	8819	8	88	881	8819		14575	1000	servicos.servicos
14583	Psicologia - Aplicada                                                                                                   	UN	9311	9	93	931	9311		14583	1000	servicos.servicos
14591	Promoção de Evento                                                                                                      	H UN	8599	8	85	859	8599		14591	1000	servicos.servicos
14605	Armazenamento de Grão - em Silo                                                                                         	UN	672	6	67	672			14605	1000	servicos.servicos
14613	Manutenção de Poço Artesiano                                                                                            	UN	8729	8	87	872	8729		14613	1000	servicos.servicos
14621	Estudo, Projeto - Comércio Exterior                                                                                     	UN	8399	8	83	839	8399		14621	1000	servicos.servicos
14630	Estacionamento de Veículos Automotores - Gerência / Controle                                                            	UN	721	7	72	721			14630	1000	servicos.servicos
14648	Instalação e Montagem de Equipamento - Liquefação / Fabrica-ção de Gás                                                  	UN	873	8	87	873			14648	1000	servicos.servicos
14656	Manutenção de Equipamento - Liquefação / Fabricação de Gás /Produção de Gás                                             	UN	8715	8	87	871	8715		14656	1000	servicos.servicos
14664	Regência de Coral                                                                                                       	UN	9631	9	96	963	9631		14664	1000	servicos.servicos
14672	Limpeza Urbana                                                                                                          	UN	853	8	85	853			14672	1000	servicos.servicos
14680	Locação de Aeronave                                                                                                     	UN	7329	7	73	732	7329		14680	1000	servicos.servicos
14699	Locação de Embarcação Marítima / Fluvial                                                                                	UNH	7329	7	73	732	7329		14699	1000	servicos.servicos
14702	Curso Equitação                                                                                                         	UN	929	9	92	929			14702	1000	servicos.servicos
14710	Curso Estabulação                                                                                                       	UN	929	9	92	929			14710	1000	servicos.servicos
14729	Treinamento na Área de Administração Pública                                                                            	UN	929	9	92	929			14729	1000	servicos.servicos
14737	Estudo, Projeto - Multisetorial                                                                                         	UN	8319	8	83	831	8319		14737	1000	servicos.servicos
14745	Curso Formação / Aperfeiçoamento - Vigilante                                                                            	UN	8319	8	83	831	8319		14745	1000	servicos.servicos
14753	Coleta de Dados - Satélite                                                                                              	UN	979	9	97	979			14753	1000	servicos.servicos
14761	Informática - Digitação Documento                                                                                       	UN	8599	8	85	859	8599		14761	1000	servicos.servicos
14770	Manipulação de Valores / Documentos                                                                                     	UN	8599	8	85	859	8599		14770	1000	servicos.servicos
14788	Locação de Equipamentos para Consumo de Gases                                                                           	UN	7329	7	73	732	7329		14788	1000	servicos.servicos
14796	Produção de Mudas                                                                                                       	UN	861	8	86	861			14796	1000	servicos.servicos
14800	Cadastramento Técnico de Dados                                                                                          	UNM2	8599	8	85	859	8599		14800	1000	servicos.servicos
14818	Locação de Equipamento - Alarme                                                                                         	UN	7329	7	73	732	7329		14818	1000	servicos.servicos
14826	Instalação / Manutenção / Monitorização - Sistema Alarme /  Segurança                                                   	UN	873	8	87	873			14826	1000	servicos.servicos
14834	Instalação e Montagem Vidraria Laboratório                                                                              	UN	873	8	87	873			14834	1000	servicos.servicos
14842	Manutenção Vidraria Laboratório                                                                                         	UN	8729	8	87	872	8729		14842	1000	servicos.servicos
14850	Estudos e Projetos Desenvolvimento Equipamento Aeroespacial                                                             	UN	8319	8	83	831	8319		14850	1000	servicos.servicos
14869	Estudos e Projetos Sistema Aeroespacial                                                                                 	UN	8319	8	83	831	8319		14869	1000	servicos.servicos
14877	Estudos e Projetos Sistema Produção / Prospecção Petróleo                                                               	UN	8319	8	83	831	8319		14877	1000	servicos.servicos
14885	Estudo e Projeto Desenvolvimento Equipamento Indústria Petrolífera                                                      	UN	8319	8	83	831	8319		14885	1000	servicos.servicos
14893	Laboratório - Preparação Meios de Cultura / Soluções                                                                    	UN	979	9	97	979			14893	1000	servicos.servicos
14907	Almoxarife / Controle de Estoque                                                                                        	UN	8599	8	85	859	8599		14907	1000	servicos.servicos
14915	Cormécio / Distribuição - Petróleo e Seus Derivados                                                                     	UN	6127	6	61	612	6127		14915	1000	servicos.servicos
14923	Instalação / Manutenção - Hidrômetro / Cavalete                                                                         	UN	873	8	87	873			14923	1000	servicos.servicos
14931	Leitura Medidor - Hidrômetro                                                                                            	UN	8512	8	85	851	8512		14931	1000	servicos.servicos
14940	Usinagem Industrial                                                                                                     	UN	8512	8	85	851	8512		14940	1000	servicos.servicos
14958	Informática - Internet                                                                                                  	UN	842	8	84	842			14958	1000	servicos.servicos
14966	Coleta de Rejeito Nuclear                                                                                               	UN	9422	9	94	942	9422		14966	1000	servicos.servicos
14974	Divulgação Técnico-Científica                                                                                           	UN	836	8	83	836			14974	1000	servicos.servicos
14982	Embalagem / Etiquetagem / Postagem - Encomenda                                                                          	UN	681	6	68	681			14982	1000	servicos.servicos
14990	Manutenção Turbinas Aeronáuticas e Componentes                                                                          	UN	8729	8	87	872	8729		14990	1000	servicos.servicos
15008	Prestação de Serviços de Motorista                                                                                      	UN	8512	8	85	851	8512		15008	1000	servicos.servicos
15016	Análise de Semente                                                                                                      	UN	8611	8	86	861	8611		15016	1000	servicos.servicos
15024	Curso Oratória / Expressão                                                                                              	UN	929	9	92	929			15024	1000	servicos.servicos
15032	Movimentação Carga Geral / Braçagem                                                                                     	UN	671	6	67	671			15032	1000	servicos.servicos
15040	Abate - Animal / Ave                                                                                                    	UN	861	8	86	861			15040	1000	servicos.servicos
15059	Acampamento / Lazer / Turismo                                                                                           	UN	9652	9	96	965	9652		15059	1000	servicos.servicos
15067	Arbitragem / Mediação Civil e Comercial                                                                                 	UN	951	9	95	951			15067	1000	servicos.servicos
15075	Sistema de Custos - Estruturação                                                                                        	UN	979	9	97	979			15075	1000	servicos.servicos
15083	Conservação Acervo Histórico-Cultural                                                                                   	UN	964	9	96	964			15083	1000	servicos.servicos
15091	Içamento - Móveis / Carga / Equipamento                                                                                 	UN	6719	6	67	671	6719		15091	1000	servicos.servicos
15105	Fabricação Carroceria / Reboque / Cabine Dupla                                                                          	UN	8819	8	88	881	8819		15105	1000	servicos.servicos
15113	Treinamento - Área Artística                                                                                            	UN	929	9	92	929			15113	1000	servicos.servicos
15121	Dosimetria Pessoal                                                                                                      	UN	9311	9	93	931	9311		15121	1000	servicos.servicos
15130	Poda, Corte, Arrancamento de Árvores - Áreas Pública / Particular                                                       	UN	861	8	86	861			15130	1000	servicos.servicos
15148	Plantio de Árvore                                                                                                       	UN	861	8	86	861			15148	1500	servicos.servicos
15156	Administração / Execução Projeto Educacional - Convênio / Estágio / Universitário / Monitor                             	UNBOL	929	9	92	929			15156	1500	servicos.servicos
15164	Elaboração - Fornecimento de Periódico / Programa para  Con-sulta                                                       	UN	844	8	84	844			15164	1500	servicos.servicos
15172	"Distribuição Periódico / Livro ""Inativo""                                                                                "	UN	61251	6	61	612	6125	61251	15172	1500	servicos.servicos
15180	Montagem / Manutenção - Satelite                                                                                        	UN	8399	8	83	839	8399		15180	1500	servicos.servicos
15199	Montagem / Manutenção Teste Componente Eletrônico - Satélite                                                            	UN	8399	8	83	839	8399		15199	1500	servicos.servicos
15202	Modelagem / Prototipação de Componente Mecânico                                                                         	UN	8399	8	83	839	8399		15202	1500	servicos.servicos
15210	Cantina / Bar / Lanchonete / Refeição Rápida / Restaurante                                                              	UN	6321	6	63	632	6321		15210	1500	servicos.servicos
15229	Museologia / Museólogo                                                                                                  	UN	964	9	96	964			15229	1500	servicos.servicos
15237	Esterilização                                                                                                           	UN	9311	9	93	931	9311		15237	1500	servicos.servicos
15245	Cormecialização - Automóvel / Caminhão / Utilitário                                                                     	UN	8599	8	85	859	8599		15245	1500	servicos.servicos
15253	Assistência Técnica - Veículo Automotivo                                                                                	UN	8714	8	87	871	8714		15253	1500	servicos.servicos
15261	Treinamento em Manutenção de Equipamento de Pesquisa / Ensi-no                                                          	UN	929	9	92	929			15261	1500	servicos.servicos
15270	Desenho / Produção - Multimídia                                                                                         	UN	859	8	85	859			15270	1500	servicos.servicos
15288	Cenografia                                                                                                              	UN	969	9	96	969			15288	1500	servicos.servicos
15296	Projeto e Montagem de Iluminação - Residencial / Comercial /Artística                                                   	UN	859	8	85	859			15296	1500	servicos.servicos
15300	Agropecuária - Serviços Auxiliares                                                                                      	UN	861	8	86	861			15300	1500	servicos.servicos
15318	Agropecuária - Pesquisa                                                                                                 	UN	861	8	86	861			15318	1500	servicos.servicos
15326	Agropecuária - Assistência Técnica e Extensão Rural                                                                     	UN	861	8	86	861			15326	1500	servicos.servicos
15334	Agropecuária - Treinamento e Captação de Tecnologia                                                                     	UN	929	9	92	929			15334	1500	servicos.servicos
15342	Pesquisa / Estudo de Dados Estatísticos                                                                                 	UN	837	8	83	837			15342	1500	servicos.servicos
15350	Locação VHS / CD / DVD / Livros                                                                                         	UN	7329	7	73	732	7329		15350	1500	servicos.servicos
15369	Infra-Estrutura Aeroportuária -  Implantação / AdministraçãoApoio Navegação Aérea                                       	UNMÊS	8599	8	85	859	8599		15369	1500	servicos.servicos
15377	Infra-Estrutura Aeroportuária - Operação Industrial / Comercial de Aeroporto                                            								15377	1500	servicos.servicos
15385	Conferência / Envelopamento / Pagamento de Valores                                                                      	UN	715	7	71	715			15385	1500	servicos.servicos
15393	Conserto / Manutenção Amortecedor                                                                                       	UN	8714	8	87	871	8714		15393	1500	servicos.servicos
15407	Documento - Guarda / Transporte                                                                                         	UN	8599	8	85	859	8599		15407	1500	servicos.servicos
15415	Cartório / Tabelionato                                                                                                  	UN	8399	8	83	839	8399		15415	1500	servicos.servicos
15423	Confecção / Magnetização - Cartão Personalizado                                                                         	UN	8819	8	88	881	8819		15423	1500	servicos.servicos
15431	Curso Profissionalizante                                                                                                	UN	929	9	92	929			15431	1500	servicos.servicos
15440	Consultoria e Assessoria - Curso Técnico                                                                                	UN	8313	8	83	831	8313		15440	1500	servicos.servicos
15458	Produção Obra Audiovisual                                                                                               	UN	891	8	89	891			15458	1500	servicos.servicos
15466	Distribuição Obra Audiovisual                                                                                           	UN	891	8	89	891			15466	1500	servicos.servicos
15474	Inscrição / Fiscalização Exercício Profissional                                                                         	UN	8399	8	83	839	8399		15474	1500	servicos.servicos
15482	Regularização Fundiária / Assentamento                                                                                  	UN	979	9	97	979			15482	1500	servicos.servicos
15490	Psicopedagogia Clínica                                                                                                  	UNCONSMED	7211	7	72	721	7211		15490	1500	servicos.servicos
15504	Exportação                                                                                                              	UN	979	9	97	979			15504	1500	servicos.servicos
15512	Comércio / Representação : Produto - Nacional / Importado                                                               	UN	611	6	61	611			15512	1500	servicos.servicos
15520	Posto de Serviço (Veículo) - Fabricação/Instalação de Compo-nentes                                                      	UN	8714	8	87	871	8714		15520	1500	servicos.servicos
15539	Higienização de Documentação Arquivístico / Acervo Bibliográfico                                                        	UN	8599	8	85	859	8599		15539	1500	servicos.servicos
15547	Controle de Zoonose                                                                                                     	UN	949	9	94	949			15547	1500	servicos.servicos
15555	Confecção Aparelho Ortodôntico                                                                                          	UN	8821	8	88	882	8821		15555	1500	servicos.servicos
15563	Confecção de Prótese Dentária Fixa - Total / Parcial                                                                    	UN	8819	8	88	881	8819		15563	1500	servicos.servicos
15571	Confecção de Prótese Dentária Removível - Total / Parcial                                                               	UN	8819	8	88	881	8819		15571	1500	servicos.servicos
15580	Produção / Veiculação - Programa Teleducativo / Documentário/ Entrevista / Debate                                       	UN	9612	9	96	961	9612		15580	1500	servicos.servicos
15598	Manutenção de Poço - Tubular                                                                                            	UN	8399	8	83	839	8399		15598	1500	servicos.servicos
15601	Consultoria e Assessoria - Comunicação                                                                                  	UN	83111	8	83	831	8311	83111	15601	1500	servicos.servicos
15610	Assistência Técnica a Operação de Usina Termonuclear / TermoElétrica                                                    	UN	8399	8	83	839	8399		15610	1500	servicos.servicos
15628	Estudos e Projetos Central Termonuclear / Termoelétrica / Solar Fotovotaica                                             	UN	8319	8	83	831	8319		15628	1500	servicos.servicos
15636	Operação de Centrais Termonucleares / Termoelétricas                                                                    	UN	8399	8	83	839	8399		15636	1500	servicos.servicos
15644	Gerenciamento de Construção e Montagem  Central Termonuclear/ Termoelétrica / Solar Fotovotaica                         	UN	8399	8	83	839	8399		15644	1500	servicos.servicos
15652	Desenho Técnico - Convencional                                                                                          	UN	8599	8	85	859	8599		15652	1500	servicos.servicos
15660	Manipulação de Fórmulas - Medicamentos / Cosméticos /  Insu-mos Farmacêuticos                                           	UN	8399	8	83	839	8399		15660	1500	servicos.servicos
15679	Manutenção de Máquina para Compactação de Produto                                                                       	UN	8715	8	87	871	8715		15679	1500	servicos.servicos
15687	Afinação de Instrumentos Musicais                                                                                       	UN	8729	8	87	872	8729		15687	1500	servicos.servicos
15695	Checklivro - Divulgação / Cormecialização                                                                               	UN	8399	8	83	839	8399		15695	1500	servicos.servicos
15709	Instalação / Montagem / Manutenção Equipamento - Irrigação /Agroindustriais                                             	UN	8715	8	87	871	8715		15709	1500	servicos.servicos
15717	Suinocultura - Projeto Técnico                                                                                          	UN	8612	8	86	861	8612		15717	1500	servicos.servicos
15725	Serigrafia - Curso / Impressão                                                                                          	UN	891	8	89	891			15725	1500	servicos.servicos
15733	Embalagem Produto - Farmacêutico / Veterinário / Cosmético /Perfumaria / Alimentar                                      	UN	854	8	85	854			15733	1500	servicos.servicos
15741	Informática - Locação ( Software )                                                                                      	UN	1821	1	18	182	1821		15741	1500	servicos.servicos
15750	Informática - Locação Equipamentos                                                                                      	UN	7312	7	73	731	7312		15750	1500	servicos.servicos
15768	Exploração / Aproveitamento de Jazidas / Poços                                                                          	UN	979	9	97	979			15768	1500	servicos.servicos
15776	Armazém Alfandegário                                                                                                    	UN	862	8	86	862			15776	1500	servicos.servicos
15784	Terminal de Conteiner ( Container )                                                                                     	UN	979	9	97	979			15784	1500	servicos.servicos
15792	Instalação / Manutenção - Equipamento Eletroeletrônico                                                                  	UN	8715	8	87	871	8715		15792	1500	servicos.servicos
15806	Curso de Artes Plásticas                                                                                                	UN	929	9	92	929			15806	1500	servicos.servicos
15814	Instalação / Remoção de Divisória / Painel / Persiana / janela / porta / esquadria em geral                             	UNM2	546	5	54	546			15814	1500	servicos.servicos
15822	Estudos e Projetos de Hidrogeologia                                                                                     	UN	8319	8	83	831	8319		15822	1500	servicos.servicos
15830	Apresentação Artística / Musical / Canto / Coral                                                                        	UN	9631	9	96	963	9631		15830	1500	servicos.servicos
15849	Manutenção e Reparo em Máquina de Costura                                                                               	UN	8715	8	87	871	8715		15849	1500	servicos.servicos
15857	Gráfico - Impressão de Manual e Formulário, Alceamento e En-velopamento                                                 	UN	891	8	89	891			15857	1500	servicos.servicos
15865	Confecção Tapete / Capacho                                                                                              	UN	8819	8	88	881	8819		15865	1500	servicos.servicos
15873	Estudos e Projetos em Ciência Administrativa                                                                            	UN	8319	8	83	831	8319		15873	1500	servicos.servicos
15881	Consultoria e Assessoria - Setor Público / Privado                                                                      	UN	8311	8	83	831	8311		15881	1500	servicos.servicos
15890	Estiva - Carregador / Operador Carga                                                                                    	UN	671	6	67	671			15890	1500	servicos.servicos
15903	Instalação de Forro - Lã de Vidro / Lã de Rocha                                                                         	UN	873	8	87	873			15903	1500	servicos.servicos
15946	Serviço Penitenciário - Reeducação e Reabilitação de Apenado                                                            	UN	979	9	97	979			15946	1500	servicos.servicos
15954	Agricultura - Preparação / Plantio / Colheita                                                                           	UN	861	8	86	861			15954	1500	servicos.servicos
15962	Agricultura - Instalação / Manutenção de Cerca                                                                          	UN	861	8	86	861			15962	1500	servicos.servicos
15970	Manutenção / Reparo / Reforma - Máquina para  Fabricação  dePapel                                                       	UN	8715	8	87	871	8715		15970	1500	servicos.servicos
15989	Manutenção e Reparo - Acoplamento / Variador / Freio  Hidro-dinâmico                                                    	UN	8715	8	87	871	8715		15989	1500	servicos.servicos
15997	Manutenção e Reparo - Eixo Cardan                                                                                       	UN	8714	8	87	871	8714		15997	1500	servicos.servicos
16004	Comercialização / Recondicionamento de Peça e Componente                                                                	UN	8729	8	87	872	8729		16004	1500	servicos.servicos
16012	Manutenção e Reparo - Variador de Velocidade                                                                            	UN	8729	8	87	872	8729		16012	1500	servicos.servicos
16020	Importação / Comercialização / Distribuição de Produto                                                                  	UN	8399	8	83	839	8399		16020	1500	servicos.servicos
16039	Vistoria / Classificação de Navio                                                                                       	UN	8599	8	85	859	8599		16039	1500	servicos.servicos
16047	Manutenção e Reparo de Audiômetro / Ipedanciômetro                                                                      	UN	8715	8	87	871	8715		16047	1500	servicos.servicos
16055	Manutenção e Reparo em Equipamento - Uso Médico                                                                         	UN	8715	8	87	871	8715		16055	1500	servicos.servicos
16063	Manutenção de Cabine Audiométrica                                                                                       	UN	8729	8	87	872	8729		16063	1500	servicos.servicos
16071	Consultoria e Assessoria - Aeronáutica                                                                                  	UN	8311	8	83	831	8311		16071	1500	servicos.servicos
16080	Comercialização Aeronave - Avião / Helicóptero / Ultraleve                                                              	UN	611	6	61	611			16080	1500	servicos.servicos
16098	Manutenção Aeronave - Avião / Helicóptero / Ultraleve                                                                   	UN	8714	8	87	871	8714		16098	1500	servicos.servicos
16101	Modelo                                                                                                                  	UN	963	9	96	963			16101	1500	servicos.servicos
16110	Locação de Tanque Criogênico                                                                                            	UN	7329	7	73	732	7329		16110	1500	servicos.servicos
16128	Locação de Cilindro                                                                                                     	UN	7329	7	73	732	7329		16128	1500	servicos.servicos
16136	Instalação / Manutenção - Tanque Criogênico                                                                             	UN	8739	8	87	873	8739		16136	1500	servicos.servicos
16144	Manutenção de Equipamento de Gás - Central de Controle                                                                  	UN	8715	8	87	871	8715		16144	1500	servicos.servicos
16152	Publicação Livro / Matéria - Periódica / Oficial                                                                        	UN	836	8	83	836			16152	1500	servicos.servicos
16160	Guincho / Reboque                                                                                                       	UN	8599	8	85	859	8599		16160	1500	servicos.servicos
16179	Instalação e Montagem - Sistema de Ventilação  e  Lavagem deGases                                                       	UN	873	8	87	873			16179	1500	servicos.servicos
16187	Manutenção e Reparo - Transmissão Automática                                                                            	UN	8714	8	87	871	8714		16187	1500	servicos.servicos
16195	Recolhimento de Taxa / Imposto / Multa                                                                                  	UN	711	7	71	711			16195	1500	servicos.servicos
16209	Televisão - Assinatura                                                                                                  	UN	844	8	84	844			16209	1500	servicos.servicos
16217	Informática - Atualização ( Up Grade )  de  Configuração  deEquipamento / Programa                                      	UN	8399	8	83	839	8399		16217	1500	servicos.servicos
16225	Registro de Marca / Patente                                                                                             	UN	8399	8	83	839	8399		16225	1500	servicos.servicos
16233	Registro de Programa de Computador                                                                                      	UN	1821	1	18	182	1821		16233	1500	servicos.servicos
16241	Consultoria e Assessoria - Ergonomia                                                                                    	UN	8311	8	83	831	8311		16241	1500	servicos.servicos
16250	Treinamento na Área de Ergonomia                                                                                        	UN	929	9	92	929			16250	1500	servicos.servicos
16268	Assistência Neonatal                                                                                                    	UN	9311	9	93	931	9311		16268	1500	servicos.servicos
16276	Execução de Teste de Estanqueidade                                                                                      	UN	8356	8	83	835	8356		16276	1500	servicos.servicos
16284	Manutenção e Reparo em Equipamento de Condicionamento Físico/ Ergométrico                                               	UN	8715	8	87	871	8715		16284	1500	servicos.servicos
16292	Atendimento ao Público em Geral                                                                                         	UN	8599	8	85	859	8599		16292	1500	servicos.servicos
16306	Manutenção e Reparo - Embarcação                                                                                        	UN	8714	8	87	871	8714		16306	1500	servicos.servicos
16314	Instalação / Manutenção / Reparo - Equipamento Laboratório                                                              	UNH	8715	8	87	871	8715		16314	1500	servicos.servicos
16322	Manutenção e Reparo - Termohigrógrafo                                                                                   	UN	8715	8	87	871	8715		16322	1500	servicos.servicos
16330	Confecção de Bandeira - Nacional / Distintiva                                                                           	UN	8812	8	88	881	8812		16330	1500	servicos.servicos
16349	Sistematização e Documentação - Sítio Arqueológico                                                                      	UN	9641	9	96	964	9641		16349	1500	servicos.servicos
16357	Análise e Avaliação - Sítio Arqueológico                                                                                	UN	9641	9	96	964	9641		16357	1500	servicos.servicos
16365	Escavações Arqueológicas                                                                                                	UN	9641	9	96	964	9641		16365	1500	servicos.servicos
16373	Manutenção e Reparo - Turboalimentador                                                                                  	UN	8715	8	87	871	8715		16373	1500	servicos.servicos
16381	Balanceamento Eletrodinâmico                                                                                            	UN	8714	8	87	871	8714		16381	1500	servicos.servicos
16390	Confecção de Artefato Texteis / Couro / Borracha / Lona                                                                 	UN	8819	8	88	881	8819		16390	1500	servicos.servicos
16403	Desenvolvimento Tecnologia Ambiental                                                                                    	UN	8399	8	83	839	8399		16403	1500	servicos.servicos
16411	Pesquisa Minero - Metalúrgica                                                                                           	UN	837	8	83	837			16411	1500	servicos.servicos
16420	Pesquisa Doença Infecto - Contagiosa / Parasitária                                                                      	UN	837	8	83	837			16420	1500	servicos.servicos
16438	Check - In / Check - Out de Passageiro                                                                                  	UN	8599	8	85	859	8599		16438	1500	servicos.servicos
16446	Limpeza Aeronave - Interna / Externa                                                                                    	UN	853	8	85	853			16446	1500	servicos.servicos
16454	Comercialização de Produtos Agropecuários                                                                               	UN	622	6	62	622			16454	1500	servicos.servicos
16462	Beneficiamento de Arroz / Matéria Prima                                                                                 	UN	8599	8	85	859	8599		16462	1500	servicos.servicos
16470	Comercialização / Distribuição - Vale Transporte                                                                        	UN	6799	6	67	679	6799		16470	1500	servicos.servicos
16489	Comercialização de Grão                                                                                                 	UNT KG	622	6	62	622			16489	1500	servicos.servicos
16497	Barbeiro / Cabeleireiro / Maquiador                                                                                     	UND	8512	8	85	851	8512		16497	1500	servicos.servicos
16500	Controle Microbiológico / Qualidade do Ar                                                                               	UN	949	9	94	949			16500	1500	servicos.servicos
16519	Consultoria e Assessoria - Ar Condicionado / Qualidade do Ar                                                            	UN	8311	8	83	831	8311		16519	1500	servicos.servicos
16527	Limpeza de Fossa / Esgoto / Boca de Lobo                                                                                	UNM3	8534	8	85	853	8534		16527	1500	servicos.servicos
16535	Comunicação - Assinatura / Valor Adicionado                                                                             	UN	843	8	84	843			16535	1500	servicos.servicos
16543	Pronto Atendimento / Internação                                                                                         	UN	9311	9	93	931	9311		16543	1500	servicos.servicos
16551	Marceneiro / Carpinteiro                                                                                                	UN	8599	8	85	859	8599		16551	1500	servicos.servicos
16560	Pedreiro / Azulejista                                                                                                   	UN	8599	8	85	859	8599		16560	1500	servicos.servicos
16578	Secretária                                                                                                              	UN	8399	8	83	839	8399		16578	1500	servicos.servicos
16586	Tratamento Dependência Química                                                                                          	UN	9311	9	93	931	9311		16586	1500	servicos.servicos
16594	Consulta Médica - Oftalmologia                                                                                          	UN	9312	9	93	931	9312		16594	1500	servicos.servicos
16608	Oftalmologia / Diagnose - Ceratoscopia Computadorizada                                                                  	UN	9311	9	93	931	9311		16608	1500	servicos.servicos
16616	Oftalmologia / Diagnose - Campimetria Computadorizada                                                                   	UN	9311	9	93	931	9311		16616	1500	servicos.servicos
16624	Oftalmologia / Cristalino - Capsulotomia Yag ou Cirúrgica                                                               	UN	9311	9	93	931	9311		16624	1500	servicos.servicos
16632	Oftalmologia - Laser Argônico                                                                                           	UN	9311	9	93	931	9311		16632	1500	servicos.servicos
16640	Oftalmologia - Ecografia / Ecobiometria                                                                                 	UN	9311	9	93	931	9311		16640	1500	servicos.servicos
16659	Oftalmologia / Diagnose - Mapeamento de Retina                                                                          	UN	9311	9	93	931	9311		16659	1500	servicos.servicos
16667	Oftalmologia / Diagnose - Paquimetria                                                                                   	UN	9311	9	93	931	9311		16667	1500	servicos.servicos
16675	Instalação / Manutenção - Cerca / Alambrado / Tela                                                                      	M2UN	546	5	54	546			16675	1500	servicos.servicos
16683	Cooperativa / Representação de Classe                                                                                   	UN	9599	9	95	959	9599		16683	1500	servicos.servicos
16691	Inspeção e Avaliação de Manutenção - Elevador / Escada Rolante                                                          	UN	8715	8	87	871	8715		16691	1500	servicos.servicos
16705	Estudos e Projetos de Elevadores e Escada Rolante  - Avalia-ção / Modernização                                          	UN	8319	8	83	831	8319		16705	1500	servicos.servicos
16713	Transporte de Carga - Internacional                                                                                     	UN	641	6	64	641			16713	1500	servicos.servicos
16721	Jogo / Diversão Eletrônica                                                                                              	UN	9699	9	96	969	9699		16721	1500	servicos.servicos
16730	Meio Ambiente / Recursos Naturais Renováveis -  Execução  dePolítica Nacional                                           	UN	949	9	94	949			16730	1500	servicos.servicos
16748	Distribuição / Entrega de Conta - Luz, Telefone, Água, Gás                                                              	UN	8599	8	85	859	8599		16748	1500	servicos.servicos
16756	Distribuição de Panfleto / Prospecto                                                                                    	UN	8599	8	85	859	8599		16756	1500	servicos.servicos
16764	Impressão Eletrônica - Laser / Jato Tinta                                                                               	UN	8594	8	85	859	8594		16764	1500	servicos.servicos
16772	Consultoria e Assessoria - Processamento Eletrônico de Docu-mentos                                                      	UN	8319	8	83	831	8319		16772	1500	servicos.servicos
16780	Informática - Automação de Escritório                                                                                   	UN	859	8	85	859			16780	1500	servicos.servicos
16799	Informática - Armazenamento Eletrônico de Relatórios / Dados                                                            	UN	859	8	85	859			16799	1500	servicos.servicos
16802	Informática - Leitura Eletrônica de Caracteres                                                                          	UN	859	8	85	859			16802	1500	servicos.servicos
16810	Manutenção de Conteiner ( Container )                                                                                   	UN	8729	8	87	872	8729		16810	1500	servicos.servicos
16829	Serralharia                                                                                                             	UN	8821	8	88	882	8821		16829	1500	servicos.servicos
16837	Treinamento Informática - Equipamento / Hardware                                                                        	UN	929	9	92	929			16837	1500	servicos.servicos
16845	Treinamento na Área de Eletrônica                                                                                       	UN	929	9	92	929			16845	1500	servicos.servicos
16853	Auto - Escola                                                                                                           	UN	929	9	92	929			16853	1500	servicos.servicos
16861	Pesquisa e Análise Estatística - Econômica / Sócio-Demográfica                                                          	UN	837	8	83	837			16861	1500	servicos.servicos
16870	Pesquisa e Estudo - Geodésico / Cartográfico                                                                            	UN	837	8	83	837			16870	1500	servicos.servicos
16888	Pesquisa e Estudo - Geográfico / Recursos Naturais /  Meio -Ambiente                                                    	UN	835	8	83	835			16888	1500	servicos.servicos
16896	Limpeza Hospitalar - Higienização / Desinfecção                                                                         								16896	1500	servicos.servicos
16900	Consultoria e Assessoria - Análise Química                                                                              	UN	8319	8	83	831	8319		16900	1500	servicos.servicos
16918	Informática - Desenvolvimento / Implantação / Manutenção Re-de de Computador                                            	UN	8399	8	83	839	8399		16918	1500	servicos.servicos
16926	Inventário / Catalogação - Acervo Bibliográfico                                                                         	UN	8451	8	84	845	8451		16926	1500	servicos.servicos
16934	Avaliador Obra Rara                                                                                                     	UN	9641	9	96	964	9641		16934	1500	servicos.servicos
16942	Bibliotecário                                                                                                           	UN	8451	8	84	845	8451		16942	1500	servicos.servicos
16950	Artesanato - Barro / Cerâmica / Madeira / Porcelana                                                                     	UN	9641	9	96	964	9641		16950	1500	servicos.servicos
16969	Laboratório - Análise Animal / Vegetal                                                                                  	UN	9311	9	93	931	9311		16969	1500	servicos.servicos
16977	Estudos e Projetos de Viabilidade Técnico - Econômico                                                                   	UN	8319	8	83	831	8319		16977	1500	servicos.servicos
16985	Consultoria e Assessoria - Orçamento                                                                                    	UN	8319	8	83	831	8319		16985	1500	servicos.servicos
16993	"Prestação de Serviços Gerais ""INATIVO""                                                                                  "	OUTRAS	859	8	85	859			16993	1500	servicos.servicos
17000	Defesa Pessoal / Artes Marciais                                                                                         	UN	929	9	92	929			17000	1500	servicos.servicos
17019	Decoração - Eventos / Solenidades                                                                                       	UN	969	9	96	969			17019	1500	servicos.servicos
17027	Confecção de Arranjos Ornamentais - Planta / Vaso                                                                       	UN	8819	8	88	881	8819		17027	1500	servicos.servicos
17035	Aplicação de Estampas ( Transfer ) Laser                                                                                	UN	8594	8	85	859	8594		17035	1500	servicos.servicos
17043	Ensino Especial - Superdotado / Deficiente Físico                                                                       	UN	929	9	92	929			17043	1500	servicos.servicos
17051	Locação de Louças / Talheres / Cristais                                                                                 	UN	7323	7	73	732	7323		17051	1500	servicos.servicos
17060	Madeireira / Serraria / Comércio de Madeira                                                                             	UN	8599	8	85	859	8599		17060	1500	servicos.servicos
17078	Manutenção e Reparo - Barco Alumínio                                                                                    	UN	8714	8	87	871	8714		17078	1500	servicos.servicos
17086	Estudos e Projetos de Sistemas de Sinalização  / ComunicaçãoVisual                                                      	UN	8319	8	83	831	8319		17086	1500	servicos.servicos
17094	Fabricação / Análise - Vacinas                                                                                          	UN	8356	8	83	835	8356		17094	1500	servicos.servicos
17108	Consultoria e Assessoria - Marketing                                                                                    	UN	8319	8	83	831	8319		17108	1500	servicos.servicos
17116	Classificação e Degustação - Café                                                                                       	UN	8399	8	83	839	8399		17116	1500	servicos.servicos
17124	Locação de Artigos de Tecido                                                                                            	UN	8534	8	85	853	8534		17124	1500	servicos.servicos
17132	Higienização de Artigos de Tecido/couro/estofamento                                                                     	UN	8534	8	85	853	8534		17132	1500	servicos.servicos
17140	Obras Civis - Concretagem                                                                                               	UNM3M2	5454	5	54	545	5454		17140	1500	servicos.servicos
17159	Higienização de Equipamentos                                                                                            	UN	8534	8	85	853	8534		17159	1500	servicos.servicos
17167	Armazenamento / Guarda / Conservação / Distribuição - Merca-doria , Bens , Alimento , Objetos                           	UN	8599	8	85	859	8599		17167	1500	servicos.servicos
17175	Desenvolvimento, Construção, Instalação - Sistema AutomáticoAquisição Dados Conjunto Híbrido ( Eólico, Solar, Diesel )  	UN	8399	8	83	839	8399		17175	1500	servicos.servicos
17183	Metrologia                                                                                                              	UN	8399	8	83	839	8399		17183	1500	servicos.servicos
17191	Sistemas Educacionais - Automação Industrial /  Controle Processo / Física / Química / Mecânica                         	UN	73310	7	73	733	7331	73310	17191	1500	servicos.servicos
17205	Serviço Segurança Nacional / Trabalho                                                                                   	UN	852	8	85	852			17205	1500	servicos.servicos
17213	Administração Portuária / Embarcação                                                                                    	UN	8399	8	83	839	8399		17213	1500	servicos.servicos
17221	Modernização / Agilização / Aprimoramento -  Processos Administrativos                                                  	UN	8399	8	83	839	8399		17221	1500	servicos.servicos
17230	Auditoria - Atuarial                                                                                                    	UN	822	8	82	822			17230	1500	servicos.servicos
17248	Manutenção Aparelho Telefônico / Celular                                                                                	UN	8712	8	87	871	8712		17248	1500	servicos.servicos
17256	Treinamento Informática - Operação / Digitação                                                                          	UN	929	9	92	929			17256	1500	servicos.servicos
17264	Execução Serviço - Geodésico / Cartográfico                                                                             	UN	8354	8	83	835	8354		17264	1500	servicos.servicos
17272	Banco Dados Informações - Comerciais / Cadastrais / Técnicas                                                            	UN	733	7	73	733			17272	1500	servicos.servicos
17280	Administração Pública                                                                                                   	UN	911	9	91	911			17280	1500	servicos.servicos
17299	Fornecimento / Transporte de Água - Carro Pipa                                                                          	UNM3	692	6	69	692			17299	1500	servicos.servicos
17302	Instalação e Montagem - Móveis / Artefatos Metálicos                                                                    	UN	8739	8	87	873	8739		17302	1500	servicos.servicos
17310	Informática - Computação Gráfica                                                                                        	UN	8399	8	83	839	8399		17310	1500	servicos.servicos
17329	Floricultura                                                                                                            	UN	8599	8	85	859	8599		17329	1500	servicos.servicos
17337	Engenharia Eletrônica - Processamento de Sinais                                                                         	UN	8599	8	85	859	8599		17337	1500	servicos.servicos
17345	Engenharia Eletrônica - Desenvolvimento de Sistemas Residen-tes ( Firmware )                                            	UN	8599	8	85	859	8599		17345	1500	servicos.servicos
17353	Serviço gráfico - policromia                                                                                            	UN	891	8	89	891			17353	1500	servicos.servicos
17361	Curso Teatro / Teledramaturgia / Cinema                                                                                 	UN	929	9	92	929			17361	1500	servicos.servicos
17370	Despachante - Marítimo                                                                                                  	UN	8599	8	85	859	8599		17370	1500	servicos.servicos
17388	Gráfico - Confecção Documentos Oficiais                                                                                 	UN	8594	8	85	859	8594		17388	1500	servicos.servicos
17396	Concessão de Serviço Público                                                                                            	UN	979	9	97	979			17396	1500	servicos.servicos
17400	Adaptação e Transformação Veículos -  Automotores  / Rebocá-veis / Especiais                                            	UN	8714	8	87	871	8714		17400	1500	servicos.servicos
17418	Manutenção Sinalizador Acústico / Visual                                                                                	UN	8729	8	87	872	8729		17418	1500	servicos.servicos
17426	Condomínio - Gerência / Manutenção de Imóvel / Administração                                                            	UN	722	7	72	722			17426	1500	servicos.servicos
17434	Avaliação / Comercialização / Divulgação - Obra de Arte                                                                 	UN	964	9	96	964			17434	1500	servicos.servicos
17442	Manutenção Veículos Rebocáveis                                                                                          	UN	8714	8	87	871	8714		17442	1500	servicos.servicos
17450	Fabricação de Maca - Hospitalar / Ambulância                                                                            	UN	8819	8	88	881	8819		17450	1500	servicos.servicos
17469	Pesquisa Marítima                                                                                                       	UN	837	8	83	837			17469	1500	servicos.servicos
17477	Consulta Médica - Homeopatia                                                                                            	UN	9312	9	93	931	9312		17477	1500	servicos.servicos
17485	Decoração - Ambiente                                                                                                    	UN	8399	8	83	839	8399		17485	1500	servicos.servicos
17493	Solda - Exotérmica                                                                                                      	UN	8599	8	85	859	8599		17493	1500	servicos.servicos
17507	Atividade Cultural Desportiva                                                                                           	UN	929	9	92	929			17507	1500	servicos.servicos
17515	Manutenção de Equipamento Oceanográfico                                                                                 	UN	8715	8	87	871	8715		17515	1500	servicos.servicos
17523	Manutenção Equipamento Navegação                                                                                        	UN	8715	8	87	871	8715		17523	1500	servicos.servicos
17531	Assistência Técnica / Manutenção - Equipamento Fluxo Laminar                                                            	UN	8715	8	87	871	8715		17531	1500	servicos.servicos
17540	Fabricação de Calçado / Luva / Cinto                                                                                    	UN	88122	8	88	881	8812	88122	17540	1500	servicos.servicos
17558	Avaliação de Máquinas / Equipamentos / Veículos                                                                         	UN	8599	8	85	859	8599		17558	1500	servicos.servicos
17566	Consultoria e Assessoria - Imobiliária                                                                                  	UN	721	7	72	721			17566	1500	servicos.servicos
17574	Reforma e Reparo - Artigo de Couro / Tecido / Material Sintético                                                        	UN	8729	8	87	872	8729		17574	1500	servicos.servicos
17582	Administração de Terminal Rodoviário                                                                                    	UN	8599	8	85	859	8599		17582	1500	servicos.servicos
17590	Direitos Autorais                                                                                                       	UN	979	9	97	979			17590	1500	servicos.servicos
17604	Manutenção Relógio Datador / Numerador                                                                                  	UN	8715	8	87	871	8715		17604	1500	servicos.servicos
17612	Locação Guarita / Cabine Sanitária                                                                                      	UN	7329	7	73	732	7329		17612	1500	servicos.servicos
17620	Consultoria e Assessoria - Negócios                                                                                     	UN	8319	8	83	831	8319		17620	1500	servicos.servicos
17639	Instalação e Montagem - Painel / Placa Luminosa                                                                         	UN	873	8	87	873			17639	1500	servicos.servicos
17647	Fiscalização / Medição de Mídia                                                                                         	UN	8599	8	85	859	8599		17647	1500	servicos.servicos
17655	Instalação / Manutenção - Cabo Óptico / Acessório                                                                       	UN	873	8	87	873			17655	1500	servicos.servicos
17663	Curso Aperfeiçoamento / Especialização Profissional                                                                     	UN	929	9	92	929			17663	1500	servicos.servicos
17671	Padronização de Grãos                                                                                                   	UNT KG	8599	8	85	859	8599		17671	1500	servicos.servicos
17680	Consultoria e Assessoria - Internacional                                                                                	UN	8319	8	83	831	8319		17680	1500	servicos.servicos
17698	Moderador Planejamento Participativo                                                                                    	UN	8599	8	85	859	8599		17698	1500	servicos.servicos
17701	Consultoria e Assessoria - Turismo                                                                                      	UN	8319	8	83	831	8319		17701	1500	servicos.servicos
17710	Curso / Aperfeiçoamento - Pilotagem de Aeronave                                                                         	UN	929	9	92	929			17710	1500	servicos.servicos
17728	Beneficiamento de Borracha                                                                                              	UN	8599	8	85	859	8599		17728	1500	servicos.servicos
17736	Engenharia de Trânsito                                                                                                  	UN	8399	8	83	839	8399		17736	1500	servicos.servicos
17744	Locação / Instalação / Manutenção / Operação  -  EquipamentoEletrônico de Controle de Velocidade                        	UN	873	8	87	873			17744	1500	servicos.servicos
17752	Inventário / Catalogação - Acervo Museológico                                                                           	UN	964	9	96	964			17752	1500	servicos.servicos
17760	Confecção de Botom / Medalha                                                                                            	UN	8819	8	88	881	8819		17760	1500	servicos.servicos
17779	Comissaria Aérea                                                                                                        	UN	8599	8	85	859	8599		17779	1500	servicos.servicos
17787	Industrialização / Restauração Peças - Metais Preciosos                                                                 	UN	8599	8	85	859	8599		17787	1500	servicos.servicos
17795	Locação de Computador - Médio / Grande Porte                                                                            	UN	6128	6	61	612	6128		17795	1500	servicos.servicos
17809	Instalação / Manutenção - Cobertura/Passarela/Toldo/Barraca                                                             	UN	873	8	87	873			17809	1500	servicos.servicos
17817	Curso / Aperfeiçoamento - Controlador de Vôo                                                                            	UN	929	9	92	929			17817	1500	servicos.servicos
17825	Consultoria e Assessoria - Segurança do Trabalho                                                                        	UN	8319	8	83	831	8319		17825	1500	servicos.servicos
17833	Fabricação / Reparo - Placa Veículo                                                                                     	UN	8819	8	88	881	8819		17833	1500	servicos.servicos
17841	Estudos e Projetos de Saneamento - Gerência de Bacias                                                                   	UN	8319	8	83	831	8319		17841	1500	servicos.servicos
17850	Estudos e Projetos - Saúde                                                                                              	UN	9311	9	93	931	9311		17850	1500	servicos.servicos
17868	Consultoria e Assessoria - Pesquisa Histórica                                                                           	UN	8319	8	83	831	8319		17868	1500	servicos.servicos
17876	Locação de Roupa / Uniforme                                                                                             	UN	7329	7	73	732	7329		17876	1500	servicos.servicos
17884	Estudos e Projetos Viabilidade Técnica - Radiodifusão                                                                   	UN	8319	8	83	831	8319		17884	1500	servicos.servicos
17892	Radiologia Odontológica                                                                                                 	UN	9311	9	93	931	9311		17892	1500	servicos.servicos
17906	Confecção de Faixas                                                                                                     	UN	891	8	89	891			17906	1500	servicos.servicos
17914	Sinalização Visual Computadorizada                                                                                      	UN	8599	8	85	859	8599		17914	1500	servicos.servicos
17922	Afiação de Ferramenta                                                                                                   	UN	8599	8	85	859	8599		17922	1500	servicos.servicos
17930	Manutenção e Reparo - Máquina / Equipamento Fotográfico                                                                 	UN	8715	8	87	871	8715		17930	1500	servicos.servicos
17949	Monitorização de Imagem                                                                                                 								17949	1500	servicos.servicos
17957	Automatização de Portão - Instalação / Manutenção                                                                       	UN	8714	8	87	871	8714		17957	1500	servicos.servicos
17965	Manutenção e Reparo - Tacógrafo                                                                                         	UN	8714	8	87	871	8714		17965	1500	servicos.servicos
17973	Manutenção e Reparo - Rodoar                                                                                            	UN	8714	8	87	871	8714		17973	1500	servicos.servicos
17981	Prestação de Serviço Gráfico / Reprografia                                                                              	UN	851	8	85	851			17981	1500	servicos.servicos
17990	Locação Equipamentos de Impressão                                                                                       	UN	731	7	73	731			17990	1500	servicos.servicos
18007	Praticagem - Fluvial / Marítima                                                                                         	UN	8599	8	85	859	8599		18007	1500	servicos.servicos
18015	Hialotecnia                                                                                                             	UN	8599	8	85	859	8599		18015	1500	servicos.servicos
18023	Consultoria e Assessoria - Esportiva                                                                                    	UN	929	9	92	929			18023	1500	servicos.servicos
18031	Treinamento - Área Esportiva                                                                                            	UN	929	9	92	929			18031	1500	servicos.servicos
18040	Estudos e Projetos de Sistemas Automatizados - Armazenamento/ Movimentação / Distribuição                               	UN	8319	8	83	831	8319		18040	1500	servicos.servicos
18058	Estudos e Projetos - Sistema de Propulsão                                                                               	UN	8319	8	83	831	8319		18058	1500	servicos.servicos
18066	Manutenção e Reparo - Hélice                                                                                            	UN	8715	8	87	871	8715		18066	1500	servicos.servicos
18074	Ar Respirável - Teste Hidrostático Cilindro                                                                             	UN	8599	8	85	859	8599		18074	1500	servicos.servicos
18082	Ar Respirável - Manutenção Equipamento Autônomo                                                                         	UNM3	8599	8	85	859	8599		18082	1500	servicos.servicos
18090	Ar Respirável - Manutenção Sistema de Linha                                                                             	UN	8599	8	85	859	8599		18090	1500	servicos.servicos
18104	Consultoria e Assessoria - Telecomunicação                                                                              	UN	8319	8	83	831	8319		18104	1500	servicos.servicos
18112	Teleconferência / Videoconferência                                                                                      	UN	8399	8	83	839	8399		18112	1500	servicos.servicos
18120	Limpeza de Estofados - Bancos / Cadeira / Poltrona                                                                      	UN	85340	8	85	853	8534	85340	18120	1500	servicos.servicos
18139	Telefonia - Convencional / Celular                                                                                      	UN	841	8	84	841			18139	1500	servicos.servicos
18147	Operador Portuário                                                                                                      	UN	8399	8	83	839	8399		18147	1500	servicos.servicos
18155	Confecção de Balcão / Guichê                                                                                            	UN	8819	8	88	881	8819		18155	1500	servicos.servicos
18163	Manutenção Freio e Embreagem - Eletromagnética / Mecânica  /Pneumática                                                  	UN	8714	8	87	871	8714		18163	1500	servicos.servicos
18171	Diagnóstico Participativo - Rural / Urbano                                                                              	UN	8599	8	85	859	8599		18171	1500	servicos.servicos
18180	Instalação / Remoção / Manutenção - Forro                                                                               	UNM2	873	8	87	873			18180	1500	servicos.servicos
18198	Treinamento / Curso - Armamento e Tiro                                                                                  	UN	929	9	92	929			18198	1500	servicos.servicos
18201	Manutenção de Veículos Leves - Suspensão                                                                                	UN	8714	8	87	871	8714		18201	1500	servicos.servicos
18210	Manutenção de Veículos Pesados - Suspensão                                                                              	UN	8714	8	87	871	8714		18210	1500	servicos.servicos
18228	Locação de Equipamento - Condicionamento Físico                                                                         	UN	731	7	73	731			18228	1500	servicos.servicos
18236	Locação de Equipamento - Esporte / Lazer                                                                                	UN	7329	7	73	732	7329		18236	1500	servicos.servicos
18244	Consultoria e Assessoria - Transporte                                                                                   	UN	8319	8	83	831	8319		18244	1500	servicos.servicos
18252	Radiologia Geral                                                                                                        	UN	9311	9	93	931	9311		18252	1500	servicos.servicos
18260	Trânsito - Supervisão e Controle /Aprendizagem / Habilitação/ Fiscalização / Condutores de Veículos                     	UN	8399	8	83	839	8399		18260	1500	servicos.servicos
18279	Trânsito - Registro / Emplacamento de Veículos                                                                          	UN	8599	8	85	859	8599		18279	1500	servicos.servicos
18287	Trânsito - Policiamento / Segurança / Campanhas /  Análise /Relatório                                                   	UN	8399	8	83	839	8399		18287	1500	servicos.servicos
18295	Frigoconservação - Congelamento / Recuperação                                                                           	UN	8599	8	85	859	8599		18295	1500	servicos.servicos
18309	Transporte / Entrega - Carga Frigorífica                                                                                	UN	643	6	64	643			18309	1500	servicos.servicos
18317	Beneficiamento Produto Frigorificado                                                                                    	UN	8599	8	85	859	8599		18317	1500	servicos.servicos
18325	Limpeza Superfície / Remoção Pichação                                                                                   	M2	853	8	85	853			18325	1500	servicos.servicos
18333	Artes Plásticas - Confecção de Objetos                                                                                  	UN	8819	8	88	881	8819		18333	1500	servicos.servicos
18341	Operação de Caldeira / Unidades Industriais                                                                             	UN	8599	8	85	859	8599		18341	1500	servicos.servicos
18350	Enfermagem                                                                                                              	UN	9311	9	93	931	9311		18350	1500	servicos.servicos
18368	Administração / Operação - Pedágio                                                                                      	UN	711	7	71	711			18368	1500	servicos.servicos
18376	Manutenção / Conservação / Recuperação - Vias Públicas                                                                  	UNM2	5421	5	54	542	5421		18376	1500	servicos.servicos
18384	Testes e Avaliações de Proeficiência e Capacidade Psico/Educacionais                                                    	UN	8599	8	85	859	8599		18384	1500	servicos.servicos
18392	TESTE                                                                                                                   								18392	1500	servicos.servicos
18406	Instalação / Manutenção - Porta / Cancela / Portão                                                                      	UN	8729	8	87	872	8729		18406	1500	servicos.servicos
18414	Consultoria e Assessoria - Energia Renovável  /  ConservaçãoEnergia                                                     	UN	8319	8	83	831	8319		18414	1500	servicos.servicos
18422	Gráfico - Impressos / Plastificação / Acabamento                                                                        	UN	8911	8	89	891	8911		18422	1500	servicos.servicos
18430	Obras Civis - Cálculo Estrutural                                                                                        	UN	8399	8	83	839	8399		18430	1500	servicos.servicos
18449	Planejamento / Organização / Execução / Arbitragem / Atividades Lúdicas / Desportivas / Recreativas / Colônia de Férias 	UN	8399	8	83	839	8399		18449	1500	servicos.servicos
18457	Transporte Rodoviário - Carga Viva                                                                                      	UN	643	6	64	643			18457	1500	servicos.servicos
18465	Informática - Customização de Ambiente                                                                                  	UN	83190	8	83	831	8319	83190	18465	1500	servicos.servicos
18473	Higienização Equipamento Proteção Individual                                                                            	UN	853	8	85	853			18473	1500	servicos.servicos
18481	Consultoria e Assessoria - Educação                                                                                     	UN	8319	8	83	831	8319		18481	1500	servicos.servicos
18490	Estudo e Projetos - Automação Industrial                                                                                	UN	8319	8	83	831	8319		18490	1500	servicos.servicos
18503	Treinamento - Área Instrumentação Eletrônica                                                                            	UN	929	9	92	929			18503	1500	servicos.servicos
18511	Consultoria e Assessoria - Recursos Hídricos                                                                            	UN	8319	8	83	831	8319		18511	1500	servicos.servicos
18520	Rede Hidrometereológica - Operação                                                                                      	UN	979	9	97	979			18520	1500	servicos.servicos
18538	Informática - Processamento Imagem                                                                                      	UN	85960	8	85	859	8596	85960	18538	1500	servicos.servicos
18546	Serviço Óptico                                                                                                          	UN	8599	8	85	859	8599		18546	1500	servicos.servicos
18554	Locação Equipamento / Componente - Endoscopia Industrial                                                                	UN	7329	7	73	732	7329		18554	1500	servicos.servicos
18562	Manutenção Veículo Automotivo - Chassi                                                                                  	UN	8714	8	87	871	8714		18562	1500	servicos.servicos
18570	Confecção Pasta - Arquivo / Processo                                                                                    	UN	8819	8	88	881	8819		18570	1500	servicos.servicos
18589	Retífica Industrial                                                                                                     	UN	8599	8	85	859	8599		18589	1500	servicos.servicos
18597	Confecção Placa Comemorativa                                                                                            	UN	8819	8	88	881	8819		18597	1500	servicos.servicos
18600	Comercialização / Distribuição - Bilhete  Apuração Instantâ-nea e Sorteio                                               	UN	8599	8	85	859	8599		18600	1500	servicos.servicos
18619	Ar Condicionado Veículo - Instalação / Montagem / Manutenção                                                            	UN	8714	8	87	871	8714		18619	1500	servicos.servicos
18627	Instalação / Manutenção / Expansão / Programação / Locação  Equipamento Telefônico                                      	UN	8599	8	85	859	8599		18627	1500	servicos.servicos
18635	Serviço Educacional - Curso Extensão                                                                                    	UN	929	9	92	929			18635	1500	servicos.servicos
18643	Confecção Flâmulas                                                                                                      	UN	8819	8	88	881	8819		18643	1500	servicos.servicos
18651	Treinamento - Área Contábil                                                                                             	UN	929	9	92	929			18651	1500	servicos.servicos
18660	Manutenção Equipamento - Dedetização / Pulverização                                                                     	UN	8715	8	87	871	8715		18660	1500	servicos.servicos
18678	Manutenção de Veículos Leves - Injeção Eletrônica                                                                       	UN	8714	8	87	871	8714		18678	1500	servicos.servicos
18686	Consultoria e Assessoria - Administração Negócio / Produção                                                             	UN	8319	8	83	831	8319		18686	1500	servicos.servicos
18694	Solda Plástica                                                                                                          	UN	8599	8	85	859	8599		18694	1500	servicos.servicos
18708	Caldeiraria                                                                                                             	UN	8599	8	85	859	8599		18708	1500	servicos.servicos
18716	Gráfico - Confecção Bilhete Magnetizado                                                                                 	UN	8594	8	85	859	8594		18716	1500	servicos.servicos
18724	Gráfico - Confecção Selo / Convite / Impressos / CertificadoEnvelope                                                    	UN	8594	8	85	859	8594		18724	1500	servicos.servicos
18732	Gráfico - Confecção Cédula                                                                                              	UN	8594	8	85	859	8594		18732	1500	servicos.servicos
18740	Cunhagem em Metal                                                                                                       	UN	8399	8	83	839	8399		18740	1500	servicos.servicos
18759	Dobra / Corte Laser - Chapa Metálica                                                                                    	UN	8599	8	85	859	8599		18759	1500	servicos.servicos
18767	Análise Ecotoxicológica                                                                                                 	UN	9311	9	93	931	9311		18767	1500	servicos.servicos
18775	Transcodificação / Recodificação / Áudio / Vídeo / Equipamento Eletrônico                                               	UN	8599	8	85	859	8599		18775	1500	servicos.servicos
18783	Operador Máquina - Movimentação Carga                                                                                   	UN	8599	8	85	859	8599		18783	1500	servicos.servicos
18791	Conserto Instrumento Musical                                                                                            	UN	8729	8	87	872	8729		18791	1500	servicos.servicos
18805	Torrefação / Moagem - Café                                                                                              	UN	8599	8	85	859	8599		18805	1500	servicos.servicos
18813	Consultoria e Assessoria - Segurança Industrial                                                                         	UN	8319	8	83	831	8319		18813	1500	servicos.servicos
18821	Treinamento / Capacitação - Segurança Industrial                                                                        	UN	929	9	92	929			18821	1500	servicos.servicos
18830	Laboratório - Análise Química                                                                                           	UN	8356	8	83	835	8356		18830	1500	servicos.servicos
18848	Consignações                                                                                                            	UN	8599	8	85	859	8599		18848	1500	servicos.servicos
18856	Instalação / Manutenção - Peça / Acessório de Veículo Automotivo                                                        	UN	8729	8	87	872	8729		18856	1500	servicos.servicos
18864	Oncologia Clínica                                                                                                       	UN	9311	9	93	931	9311		18864	1500	servicos.servicos
18872	"Remanufaturamento Cartucho (Cabeça Impressão) / Impressora /Copiadora / Fax ""Suspenso""                                  "	UN	8729	8	87	872	8729		18872	1500	servicos.servicos
18880	Confecção Artefato em Resina                                                                                            	UN	8819	8	88	881	8819		18880	1500	servicos.servicos
18899	Psicomotricista - Consulta / Terapia                                                                                    	UN	9311	9	93	931	9311		18899	1500	servicos.servicos
18902	Gráfico - Impressão Etiqueta                                                                                            	UN	891	8	89	891			18902	1500	servicos.servicos
18910	Pecúlio                                                                                                                 	UN	711	7	71	711			18910	1500	servicos.servicos
18929	Confecção Bloco Nota Fiscal                                                                                             	UN	8819	8	88	881	8819		18929	1500	servicos.servicos
18937	Manutenção Aeronave - Transformador / Gerador                                                                           	UN	8714	8	87	871	8714		18937	1500	servicos.servicos
18945	Manutenção e Reparo de Guarda-Chuva / Guarda-Sol                                                                        	UN	8715	8	87	871	8715		18945	1500	servicos.servicos
18953	Dobragem e Etiquetagem - Correspondência / Impresso                                                                     	UN	891	8	89	891			18953	1500	servicos.servicos
18961	Confecção / Instalação Etiqueta Personalizada - Adesivo                                                                 	UN	891	8	89	891			18961	1500	servicos.servicos
18970	Laboratório Prótese Odontológica                                                                                        	UN	9311	9	93	931	9311		18970	1500	servicos.servicos
18988	Confecção Órtese Ortopédica                                                                                             	UN	8819	8	88	881	8819		18988	1500	servicos.servicos
18996	Confecção Produto Ortopédico                                                                                            	UN	8819	8	88	881	8819		18996	1500	servicos.servicos
19003	Escritório Virtual                                                                                                      	UN	8599	8	85	859	8599		19003	1500	servicos.servicos
19011	Tratamento Térmico Peça                                                                                                 	UN	8599	8	85	859	8599		19011	1500	servicos.servicos
19020	Laboratório - Análise Microbiológica                                                                                    	UN	9311	9	93	931	9311		19020	1500	servicos.servicos
19038	Gráfico - Confecção Talão Cheque                                                                                        	UN	891	8	89	891			19038	1500	servicos.servicos
19046	Manutenção / Administração / Guarda de Bens / Instalações Marítimas                                                     	UN	8599	8	85	859	8599		19046	1500	servicos.servicos
19054	Treinamento - Proteção Radiológica / Dosimetria                                                                         	UN	929	9	92	929			19054	1500	servicos.servicos
19062	Análise - Alimento / Insumo                                                                                             	UN	8356	8	83	835	8356		19062	1500	servicos.servicos
19070	Análise - Radiométrica / Radioquímica                                                                                   	UN	8356	8	83	835	8356		19070	1500	servicos.servicos
19089	Inspeção Radiológica - Médica / Odontológica                                                                            	UN	9311	9	93	931	9311		19089	1500	servicos.servicos
19097	Fontes Referência - Fornecimento / Calibração                                                                           	UN	8599	8	85	859	8599		19097	1500	servicos.servicos
19100	Irradiação Amostras - Técnicas Dosimétricas                                                                             	UN	8356	8	83	835	8356		19100	1500	servicos.servicos
19119	Duplicação / Etiquetagem / Distribuição - Informação Especializada                                                      	UN	891	8	89	891			19119	1500	servicos.servicos
19127	Controle Qualidade - Laboratório                                                                                        	UN	8356	8	83	835	8356		19127	1500	servicos.servicos
19135	Captura - Animal / Ave                                                                                                  	UN	8599	8	85	859	8599		19135	1500	servicos.servicos
19143	Análise Físico - Química Água                                                                                           	UN	8356	8	83	835	8356		19143	1500	servicos.servicos
19151	Locação de Equipamento - Circuito Interno / Fechado TV                                                                  	UN	7329	7	73	732	7329		19151	1500	servicos.servicos
19160	Manutenção de Redes - Água / Esgoto                                                                                     	UNM	941	9	94	941			19160	1500	servicos.servicos
19178	Obras Civís de Rede - Gás / Petróleo / Derivados                                                                        	UN	5459	5	54	545	5459		19178	1500	servicos.servicos
19186	Manutenção Equipamento Embalagem                                                                                        	UN	8715	8	87	871	8715		19186	1500	servicos.servicos
19194	Montagem / Restauração - Fotografia                                                                                     	UN	8381	8	83	838	8381		19194	1500	servicos.servicos
19208	Administração / Distribuição - Cartão Magnético                                                                         	UN	8599	8	85	859	8599		19208	1500	servicos.servicos
19216	Estudos Astronômicos                                                                                                    	UN	8399	8	83	839	8399		19216	1500	servicos.servicos
19224	Construção / Manutenção / Reforma - Telhado                                                                             	UNM2M	5453	5	54	545	5453		19224	1500	servicos.servicos
19232	Incineração Material Apreendido                                                                                         	UN	9421	9	94	942	9421		19232	1500	servicos.servicos
19240	Engenharia Minas                                                                                                        	UN	8339	8	83	833	8339		19240	1500	servicos.servicos
19259	Assinatura Obras Oficiais - Livro / Revista                                                                             	UN	612	6	61	612			19259	1500	servicos.servicos
19267	Edição / Impressão - Diário Oficial / Justiça                                                                           	UN	891	8	89	891			19267	1500	servicos.servicos
19275	Edição / Impressão Obras Públicas - Livro / Revista / Perió-dico                                                        	UN	891	8	89	891			19275	1500	servicos.servicos
19283	Edição / Impressão Periódicos                                                                                           	UN	891	8	89	891			19283	1500	servicos.servicos
19291	Microfilmagem - Duplicação Microfilme                                                                                   	UN	8594	8	85	859	8594		19291	1500	servicos.servicos
19305	Escolta Armada                                                                                                          								19305	1500	servicos.servicos
19313	Segurança Eletrônica                                                                                                    	POSTO	852	8	85	852			19313	1500	servicos.servicos
19321	Curso / Treinamento Educação - Distância                                                                                	UN	929	9	92	929			19321	1500	servicos.servicos
19330	Inspeção Segurança Veículo Automotivo                                                                                   	UN	8399	8	83	839	8399		19330	1500	servicos.servicos
19348	Confecção Embalagem Acondicionamento                                                                                    	UN	8819	8	88	881	8819		19348	1500	servicos.servicos
19356	Concessão Uso - Área / Imóvel Público                                                                                   	UN	721	7	72	721			19356	1500	servicos.servicos
19364	Armazenamento / Beneficiamento - Grão                                                                                   	UN	6729	6	67	672	6729		19364	1500	servicos.servicos
19372	Prestação de Serviços de Pintor                                                                                         	UN	5473	5	54	547	5473		19372	1500	servicos.servicos
19380	Coleta / Tratamento Lixo - Hospitalar                                                                                   	UNM3L KG	9422	9	94	942	9422		19380	1500	servicos.servicos
19399	Prestação de Serviços de Cozinheiro                                                                                     	UN	8512	8	85	851	8512		19399	1500	servicos.servicos
19402	Manutenção Empilhadeira / Paleteira                                                                                     	UN	8714	8	87	871	8714		19402	1500	servicos.servicos
19410	Instalação / Manutenção - Dissolutor                                                                                    	UN	8715	8	87	871	8715		19410	1500	servicos.servicos
19429	Instalação / Manutenção - Sistema Ar Comprimido                                                                         	UN	8715	8	87	871	8715		19429	1500	servicos.servicos
19437	Representação - Órgão Público                                                                                           	UN	8399	8	83	839	8399		19437	1500	servicos.servicos
19445	Transporte Rodoviário - Medicamento                                                                                     	UN	643	6	64	643			19445	1500	servicos.servicos
19453	Piscicultura                                                                                                            	MÊS	8615	8	86	861	8615		19453	1500	servicos.servicos
19461	Ensaios Não Destrutivos - Supervisão                                                                                    	UN	8512	8	85	851	8512		19461	1500	servicos.servicos
19470	Ensaios Não Destrutivos - Qualificação Pessoal / Treinamento                                                            	UN	929	9	92	929			19470	1500	servicos.servicos
19488	Desenvolvimento / Geração / Implantação - Código Barra                                                                  	UN	8399	8	83	839	8399		19488	1500	servicos.servicos
19496	Aeromodelismo                                                                                                           	UN	9659	9	96	965	9659		19496	1500	servicos.servicos
19500	Produçao / Beneficiamento - Café                                                                                        	UN	8819	8	88	881	8819		19500	1500	servicos.servicos
19518	Produção Medicamento - Matéria Prima Natural                                                                            	UN	8819	8	88	881	8819		19518	1500	servicos.servicos
19526	Coleta / Tratamento - Esgoto Sanitário                                                                                  	UN	9411	9	94	941	9411		19526	1500	servicos.servicos
19534	Prestação de Serviços de Operação de Máquina Agrícola                                                                   	UN	8512	8	85	851	8512		19534	1500	servicos.servicos
19542	Prestação de Serviços de Lavanderia                                                                                     	UN	8512	8	85	851	8512		19542	1500	servicos.servicos
19550	Manutenção / Recuperação - Estação Meteorológica                                                                        	UN	872	8	87	872			19550	1500	servicos.servicos
19569	Manutenção / Recuperação - Sistema Anemométrico                                                                         	UN	872	8	87	872			19569	1500	servicos.servicos
19577	Treinamento - Área Tributária                                                                                           	UN	929	9	92	929			19577	1500	servicos.servicos
19585	Podólogo / Manicure / Pedicure                                                                                          	UN	8512	8	85	851	8512		19585	1500	servicos.servicos
19593	Recuperação - Tapete Persa                                                                                              	UN	8729	8	87	872	8729		19593	1500	servicos.servicos
19607	Manutenção Aquário                                                                                                      	UN	8729	8	87	872	8729		19607	1500	servicos.servicos
19615	Informática - Instalação / Manutenção Comunicação Dados                                                                 	UN	8596	8	85	859	8596		19615	1500	servicos.servicos
19623	Auditoria Área Financeira                                                                                               	UN	8221	8	82	822	8221		19623	1500	servicos.servicos
19631	Instalação / Manutenção - Equipamento Controle Acesso Pessoa                                                            	UN	873	8	87	873			19631	1500	servicos.servicos
19640	Ingresso - Parque / Eventos                                                                                             	UN	9691	9	96	969	9691		19640	1500	servicos.servicos
19658	Audiovisual - Reprodução / Edição                                                                                       	UN	8594	8	85	859	8594		19658	1500	servicos.servicos
19666	Distribuição / Entrega -Documento / Jornal / Revista / Livro                                                            	UN	8599	8	85	859	8599		19666	1500	servicos.servicos
19674	Consultoria e Assessoria - Termonuclear / Termoéletrica                                                                 	UN	8311	8	83	831	8311		19674	1500	servicos.servicos
19682	Treinamento - Energia                                                                                                   	UN	929	9	92	929			19682	1500	servicos.servicos
19690	Fusão Fibra Óptica                                                                                                      	UN	872	8	87	872			19690	1500	servicos.servicos
19704	Transporte Rodoviário - Publicação / Livro                                                                              	UN	643	6	64	643			19704	1500	servicos.servicos
19712	Carga / Material - Controle e Manuseio                                                                                  	UN	8599	8	85	859	8599		19712	1500	servicos.servicos
19720	Arrendamento                                                                                                            	UN	732	7	73	732			19720	1500	servicos.servicos
19739	Instalação / Manutenção - Rede Telefônica                                                                               	UN	546	5	54	546			19739	1500	servicos.servicos
19747	Instalação / Manutenção - Energia Solar Fotovotaica                                                                     	UN	8715	8	87	871	8715		19747	1500	servicos.servicos
19755	Consultoria e Assessoria - Certificação                                                                                 	UN	8311	8	83	831	8311		19755	1500	servicos.servicos
19763	Fabricação / Manutenção - Processo Industrial                                                                           	UN	8319	8	83	831	8319		19763	1500	servicos.servicos
19771	Cobrança / Informação Cadastral (Consulta, Inclusão e Baixa)nos Serviços de Proteção ao Crédito                         	UN	822	8	82	822			19771	1500	servicos.servicos
19780	Confecção Órtese Otofônica                                                                                              	UN	8819	8	88	881	8819		19780	1500	servicos.servicos
19798	Confecção Prótese Ocular                                                                                                	UN	8819	8	88	881	8819		19798	1500	servicos.servicos
19801	Microfilmagem - Pesquisa / Emissão Cópia                                                                                	UN	8599	8	85	859	8599		19801	1500	servicos.servicos
19810	Manutenção Gerador Elétrico                                                                                             	UN	8715	8	87	871	8715		19810	1500	servicos.servicos
19828	Locação / Manutenção - Ferramenta Elétrica                                                                              	UN	7329	7	73	732	7329		19828	1500	servicos.servicos
19836	Locação / Manutenção - Ferramenta Pneumática                                                                            	UN	7329	7	73	732	7329		19836	1500	servicos.servicos
19844	Cirurgia Vascular                                                                                                       	UN	9312	9	93	931	9312		19844	1500	servicos.servicos
19852	Tratamento Varizes                                                                                                      	UN	9319	9	93	931	9319		19852	1500	servicos.servicos
19860	Publicação Documento - Cd Rom                                                                                           	UN	85960	8	85	859	8596	85960	19860	1500	servicos.servicos
19879	Manutenção / Reparo - Aeromodelo /aeronaves teleguiadas                                                                 	UN	8729	8	87	872	8729		19879	1500	servicos.servicos
19887	Reabilitação Profissional                                                                                               	UN	8399	8	83	839	8399		19887	1500	servicos.servicos
19895	Estudos e Projetos Preservação / Extração / Tratamento / Se-cagem Madeira                                               	UN	949	9	94	949			19895	1500	servicos.servicos
19909	Acompanhamento / Análise Processo                                                                                       	UN	8399	8	83	839	8399		19909	1500	servicos.servicos
19917	Consultoria e Assessoria - Engenharia Segurança Trabalho                                                                	UN	8333	8	83	833	8333		19917	1500	servicos.servicos
19925	Instalação / Manutenção - Esquadria                                                                                     	UNM2	873	8	87	873			19925	1500	servicos.servicos
19933	Intercâmbio Cultural                                                                                                    	UN	969	9	96	969			19933	1500	servicos.servicos
19941	Recebimento Tarifa Pública                                                                                              	UN	711	7	71	711			19941	1500	servicos.servicos
19950	Pesca Profissional                                                                                                      	UN	8615	8	86	861	8615		19950	1500	servicos.servicos
19968	Terapia - Ocupacional                                                                                                   	UN	9311	9	93	931	9311		19968	1500	servicos.servicos
19976	Musicoterapia                                                                                                           	UN	9632	9	96	963	9632		19976	1500	servicos.servicos
19984	Atendimente Técnico - Usuário                                                                                           	UN	8599	8	85	859	8599		19984	1500	servicos.servicos
19992	Confecção Órtese Auditiva                                                                                               	UN	8819	8	88	881	8819		19992	1500	servicos.servicos
20001	Manutenção / Reparo - Processadora Filme                                                                                	UN	8715	8	87	871	8715		20001	1500	servicos.servicos
20010	Recolhimento Contribuição / Anuidade                                                                                    	UN	711	7	71	711			20010	1500	servicos.servicos
20028	Compositor                                                                                                              	UN	9632	9	96	963	9632		20028	1500	servicos.servicos
20036	PRESTAÇÃO SERVIÇO CONTINUADO                                                                                            	UN	85990	8	85	859	8599	85990	20036	1500	servicos.servicos
20044	Confecção Orto-Prótese                                                                                                  	UN	8819	8	88	881	8819		20044	1500	servicos.servicos
20052	Treinamento - Instalação / Utilização Equipamento                                                                       	UN	929	9	92	929			20052	1500	servicos.servicos
20060	Elaboração / Análise Projeto - Engenharia                                                                               	UN	8332	8	83	833	8332		20060	1500	servicos.servicos
20079	Comercialização - Produto / Composto Orgânico                                                                           	UN	612	6	61	612			20079	1500	servicos.servicos
20087	Recuperação Obra de Arte - Tecido                                                                                       	UN	964	9	96	964			20087	1500	servicos.servicos
20095	Depuração Matéria Orgânica                                                                                              	UN	8356	8	83	835	8356		20095	1500	servicos.servicos
20109	Manutenção Máquina Agrícola                                                                                             	UN	8715	8	87	871	8715		20109	1500	servicos.servicos
20117	Serralheria - Confecção / Instalação Peças Metálicas                                                                    	UN	881	8	88	881			20117	1500	servicos.servicos
20125	Manutenção / Reforma - Artigo Fibra de Vidro                                                                            	UN	8729	8	87	872	8729		20125	1500	servicos.servicos
20133	Confecção / Adaptação Captador - Ótico / Convencional                                                                   	UN	8819	8	88	881	8819		20133	1500	servicos.servicos
20141	Instalação / Montagem / Manutenção - Estante Ventilada / Isolador Animal / Canil                                        	UN	873	8	87	873			20141	1500	servicos.servicos
20150	Micronização                                                                                                            	UN	8599	8	85	859	8599		20150	1500	servicos.servicos
20168	Inventário / catalogação - Bens Móveis / Imóveis                                                                        	UN	8599	8	85	859	8599		20168	1500	servicos.servicos
20176	Oxigenoterapia Hiperbárica                                                                                              	UN	9311	9	93	931	9311		20176	2000	servicos.servicos
20184	Exame de Sangue                                                                                                         	UN	9311	9	93	931	9311		20184	2000	servicos.servicos
20192	Manutenção / Reparo - Equipamento Beneficiamento de Grão                                                                	UN	8715	8	87	871	8715		20192	2000	servicos.servicos
20206	Sistema Linha Dedicada Digital / Analógica                                                                              	UN	841	8	84	841			20206	2000	servicos.servicos
20214	Serviço Religioso                                                                                                       	UN	979	9	97	979			20214	2000	servicos.servicos
20222	Locação Equipamento / Instrumento / Peça / Componente - Médico / Odontológico / Oftalmológico                           	UN	7312	7	73	731	7312		20222	2000	servicos.servicos
20230	Treinamento Apoio Administrativo                                                                                        	UN	929	9	92	929			20230	2000	servicos.servicos
20249	Administração Presídio                                                                                                  	UN	8599	8	85	859	8599		20249	2000	servicos.servicos
20257	Incineração Selo Controle                                                                                               	UN	8599	8	85	859	8599		20257	2000	servicos.servicos
20265	Instalação / Manutenção - Equipamentos Industriais                                                                      	UN	8715	8	87	871	8715		20265	2000	servicos.servicos
20273	Pintura Produto Metálico                                                                                                	UN	547	5	54	547			20273	2000	servicos.servicos
20281	Nutricionista                                                                                                           	UN	9311	9	93	931	9311		20281	2000	servicos.servicos
20290	Tratamento Piso                                                                                                         	UN	5475	5	54	547	5475		20290	2000	servicos.servicos
20303	Manutenção Máquina Lavar - Veículo Automotivo                                                                           	UN	8714	8	87	871	8714		20303	2000	servicos.servicos
20311	Manutenção Macaco Hidráulico /  Mecânico / Fuso Esfera                                                                  	UN	8714	8	87	871	8714		20311	2000	servicos.servicos
20320	Manutenção Propulsor Graxa/Óleo                                                                                         	UN	8714	8	87	871	8714		20320	2000	servicos.servicos
20338	Manutenção Elevador Hidráulico/Elétrico - Veículo Automotivo                                                            	UN	8714	8	87	871	8714		20338	2000	servicos.servicos
20346	Tratramento Documento - Caixa Rápido                                                                                    	UN	8599	8	85	859	8599		20346	2000	servicos.servicos
20354	Serviço Telefonia Via Satélite                                                                                          	UN	841	8	84	841			20354	2000	servicos.servicos
20362	Prestação de Serviços Bancários                                                                                         	UN	711	7	71	711			20362	2000	servicos.servicos
20370	Revestimento Externo - Mangueira                                                                                        	UN	8599	8	85	859	8599		20370	2000	servicos.servicos
20389	Inspeção / Reparo / Reclassificação - Âncoras  /  Amarras  /Acessórios                                                  	UN	8599	8	85	859	8599		20389	2000	servicos.servicos
20397	Confecção Fita Adesiva                                                                                                  	UN	8819	8	88	881	8819		20397	2000	servicos.servicos
20400	Mielograma                                                                                                              	UN	9311	9	93	931	9311		20400	2000	servicos.servicos
20419	Inspeção de Segurança                                                                                                   	UN	8529	8	85	852	8529		20419	2000	servicos.servicos
20427	Montagem de Munição                                                                                                     	UN	8599	8	85	859	8599		20427	2000	servicos.servicos
20435	Recuperação Embalagem de Munição                                                                                        	UN	8599	8	85	859	8599		20435	2000	servicos.servicos
20443	Encunhamento de Munição                                                                                                 	UN	8599	8	85	859	8599		20443	2000	servicos.servicos
20451	Prestação de Serviços de Frentista                                                                                      	UN	8512	8	85	851	8512		20451	2000	servicos.servicos
20460	Locação de Mesa / Cadeira /Mobiliário decoração interior                                                                	UN	7329	7	73	732	7329		20460	2000	servicos.servicos
20478	Projeto Circuito Impresso                                                                                               	UN	8319	8	83	831	8319		20478	2000	servicos.servicos
20486	Montagem Placa Circuito Impresso                                                                                        	UN	8599	8	85	859	8599		20486	2000	servicos.servicos
20494	Desmagnetização                                                                                                         	UN	979	9	97	979			20494	2000	servicos.servicos
20508	Confecção e Instalação Mastro - Bandeira                                                                                	UN	8819	8	88	881	8819		20508	2000	servicos.servicos
20516	Confecção Lacre                                                                                                         	UN	8819	8	88	881	8819		20516	2000	servicos.servicos
20524	Estofamento Móveis                                                                                                      	UN	8724	8	87	872	8724		20524	2000	servicos.servicos
20532	Manutenção e Reparo em Equipamento - Uso Veterinário                                                                    	UN	8715	8	87	871	8715		20532	2000	servicos.servicos
20540	Exame DNA                                                                                                               	UN	9311	9	93	931	9311		20540	2000	servicos.servicos
20559	Instalação / Manutenção Relógio                                                                                         	UN	873	8	87	873			20559	2000	servicos.servicos
20567	Reprodução / Encadernação                                                                                               	UN	8594	8	85	859	8594		20567	2000	servicos.servicos
20575	Manutenção / Reparo - Câmara Reagente                                                                                   	UN	8729	8	87	872	8729		20575	2000	servicos.servicos
20583	Serviço Automação - Controle Acesso                                                                                     	UN	859	8	85	859			20583	2000	servicos.servicos
20591	Consultoria e Assessoria - Arquitetura                                                                                  	UN	831	8	83	831			20591	2000	servicos.servicos
20605	Teleatendimento                                                                                                         	UN	843	8	84	843			20605	2000	servicos.servicos
20613	Geoprocessamento                                                                                                        	UN	8351	8	83	835	8351		20613	2000	servicos.servicos
20621	Estudo e Projeto - Energia Fotovoltáica                                                                                 	UN	8319	8	83	831	8319		20621	2000	servicos.servicos
20630	Instalação / Manutenção - Energia Fotovoltáica                                                                          	UN	5461	5	54	546	5461		20630	2000	servicos.servicos
20648	Instalação / Manutenção / Locação Máquinas Automáticas e Semi-automáticas (Café, Chá, Algodão-doce, e Outras)           	UN	7329	7	73	732	7329		20648	2000	servicos.servicos
20656	Seminário / Palestra                                                                                                    	UN	8512	8	85	851	8512		20656	2000	servicos.servicos
20664	Instalação / Manutenção - Brises Fachada                                                                                	UN	873	8	87	873			20664	2000	servicos.servicos
20672	Instalação / Manutenção - Haste Manobra                                                                                 	UN	873	8	87	873			20672	2000	servicos.servicos
20680	Descupinização                                                                                                          	UN	8599	8	85	859	8599		20680	2000	servicos.servicos
20699	Espantamento aves                                                                                                       	UN	8599	8	85	859	8599		20699	2000	servicos.servicos
20702	Confecção / Instalação - Calha                                                                                          	UNM	873	8	87	873			20702	2000	servicos.servicos
20710	Instalação / Manutenção / Montagem - Sala Cofre / Sala Tele-presença / VídeoConferência                                 	UN	873	8	87	873			20710	2000	servicos.servicos
20729	Laboratório - Análise Toxicológica                                                                                      	UN	8356	8	83	835	8356		20729	2000	servicos.servicos
20737	Laboratório - Análise Biológica / Análise Imunobiológica /  Monitoramento Sanitário - Genético                          	UN	8356	8	83	835	8356		20737	2000	servicos.servicos
20745	Laboratório - Análise Cromatográfica                                                                                    	UN	8356	8	83	835	8356		20745	2000	servicos.servicos
20753	Laboratório - Análise Fisico-Química                                                                                    	UN	8356	8	83	835	8356		20753	2000	servicos.servicos
20761	Laboratório - Análise Toxicidade                                                                                        	UN	8356	8	83	835	8356		20761	2000	servicos.servicos
20770	Confecção Peça Metálica                                                                                                 	UN	882	8	88	882			20770	2000	servicos.servicos
20788	Confecção / Instalação / Manutenção - Tanque Térmico                                                                    	UN	871	8	87	871			20788	2000	servicos.servicos
20796	Instalação / Manutenção - Câmara Fria                                                                                   	UN	871	8	87	871			20796	2000	servicos.servicos
20800	Confecção de Faca                                                                                                       	UN	8819	8	88	881	8819		20800	2000	servicos.servicos
20818	Locação Aparelho Ar Condicionado                                                                                        	UN	7329	7	73	732	7329		20818	2000	servicos.servicos
20826	Confecção / Instalação - Abrigo Meteorológico                                                                           	UN	873	8	87	873			20826	2000	servicos.servicos
20834	Manutenção / Reparo - Equipamento Meteorológico                                                                         	UN	8729	8	87	872	8729		20834	2000	servicos.servicos
20842	Baixa Hospitalar - Tratamento                                                                                           	UN	9311	9	93	931	9311		20842	2000	servicos.servicos
20850	Procedimento Ambulatorial - Sutura                                                                                      	UN	9311	9	93	931	9311		20850	2000	servicos.servicos
20869	Manutenção de Material Hospitalar                                                                                       	UN	8729	8	87	872	8729		20869	2000	servicos.servicos
20877	Locação de Mobiliário Hospitalar                                                                                        	UN	7323	7	73	732	7323		20877	2000	servicos.servicos
20885	Locação Acumulador e Estabilizadores Elétricos                                                                          	UN	7312	7	73	731	7312		20885	2000	servicos.servicos
20893	Abastecimento Terminal Auto-Atendimento                                                                                 	UN	8599	8	85	859	8599		20893	2000	servicos.servicos
20907	Restauração Prótese Estética                                                                                            	UN	8729	8	87	872	8729		20907	2000	servicos.servicos
20915	Pintura Faixas - Vias Públicas / Estacionamento                                                                         	UN	5473	5	54	547	5473		20915	2000	servicos.servicos
20923	Radiodifusão                                                                                                            	UN	9616	9	96	961	9616		20923	2000	servicos.servicos
20931	Informática - Instalação / Manutenção de Rede                                                                           	UN	83150	8	83	831	8315	83150	20931	2000	servicos.servicos
20940	Cabeamento Rede                                                                                                         	UN	87130	8	87	871	8713	87130	20940	2000	servicos.servicos
20958	"Hospedagem Servidor Aplicação ""Inativo""                                                                                 "	UN	73310	7	73	733	7331	73310	20958	2000	servicos.servicos
20966	Prestação de Serviços de Motociclista                                                                                   	UN	8599	8	85	859	8599		20966	2000	servicos.servicos
20974	Cintilografia                                                                                                           	UN	9311	9	93	931	9311		20974	2000	servicos.servicos
20982	Gráfico - Alceamento / Costura / Cartonagem                                                                             	UN	8911	8	89	891	8911		20982	2000	servicos.servicos
20990	Confecção Troféu                                                                                                        	UN	8819	8	88	881	8819		20990	2000	servicos.servicos
21008	Confecção Móveis / Artigos - Fibra de Vidro                                                                             	UN	8819	8	88	881	8819		21008	2000	servicos.servicos
21016	Beneficiamento Mineral                                                                                                  	UN	8621	8	86	862	8621		21016	2000	servicos.servicos
21024	Produção Minerais Pesados                                                                                               	UN	8621	8	86	862	8621		21024	2000	servicos.servicos
21032	Prestação de Serviços de Operação Sistema /  Equipamentos  /Máquinas                                                    	UN	8599	8	85	859	8599		21032	2000	servicos.servicos
21040	Assinatura - Publicação Informatizada                                                                                   	UN	612	6	61	612			21040	2000	servicos.servicos
21059	Fabricação Componente Nuclear                                                                                           	UN	8399	8	83	839	8399		21059	2000	servicos.servicos
21067	Ciclo Combustível Nuclear                                                                                               	UN	8399	8	83	839	8399		21067	2000	servicos.servicos
21075	Administração Títulos e Valores Mobiliários                                                                             	UN	722	7	72	722			21075	2000	servicos.servicos
21083	Instalação/Manutenção - Grama Sintética                                                                                 	UN	873	8	87	873			21083	2000	servicos.servicos
21091	Elaboração Manual                                                                                                       	UN	8599	8	85	859	8599		21091	2000	servicos.servicos
21105	Confecção Móvel - Uso Hospitalar                                                                                        	UN	8819	8	88	881	8819		21105	2000	servicos.servicos
21113	Informática / Automação - Assistência Técnica / Manutenção /Reparo                                                      	UN	8319	8	83	831	8319		21113	2000	servicos.servicos
21121	Hospedagem Servidor - Internet / Sistemas                                                                               	UNMÊS	8319	8	83	831	8319		21121	2000	servicos.servicos
21130	Exame Ecografia                                                                                                         	UN	9311	9	93	931	9311		21130	2000	servicos.servicos
21148	Consultoria e Assessoria - Tecnologia Informação                                                                        	UNH	1731	1	17	173	1731		21148	2000	servicos.servicos
21156	Fornecimento Cupom - Pedágio                                                                                            	UN	711	7	71	711			21156	2000	servicos.servicos
21164	Locação Cobertura Desmontável                                                                                           	UN	7329	7	73	732	7329		21164	2000	servicos.servicos
21172	Treinamento Qualificação Profissional                                                                                   	UN	929	9	92	929			21172	2000	servicos.servicos
21180	Treinamento na Área de Liderança                                                                                        	UN	929	9	92	929			21180	2000	servicos.servicos
21199	Informática - Diagnóstico Rede                                                                                          	UN	87130	8	87	871	8713	87130	21199	2000	servicos.servicos
21202	Informática - Segurança Rede                                                                                            	UN	8319	8	83	831	8319		21202	2000	servicos.servicos
21210	Informática - Diagnóstico e Projeto Rede Dados                                                                          	UN	8319	8	83	831	8319		21210	2000	servicos.servicos
21229	Pré / Pós-Protetização                                                                                                  	UN	93191	9	93	931	9319	93191	21229	2000	servicos.servicos
21237	Confecção de Plaqueta de Identificação Patrimonial                                                                      	UN	8819	8	88	881	8819		21237	2000	servicos.servicos
21245	Análise por Ativação com Partículas Carregadas                                                                          	UN	8356	8	83	835	8356		21245	2000	servicos.servicos
21253	Serviço Chancela/Numeração                                                                                              	UN	8599	8	85	859	8599		21253	2000	servicos.servicos
21261	Casa Lotérica                                                                                                           	UN	8599	8	85	859	8599		21261	2000	servicos.servicos
21270	Execução Serviço - Mapeamento Cartográfico                                                                              	UN	8354	8	83	835	8354		21270	2000	servicos.servicos
21288	Consultoria e Assessoria - Farmacêutica                                                                                 	UN	831	8	83	831			21288	2000	servicos.servicos
21296	Tratamento Cálculo Renal                                                                                                	UN	9311	9	93	931	9311		21296	2000	servicos.servicos
21300	Administração - Cobrança                                                                                                	UN	711	7	71	711			21300	2000	servicos.servicos
21318	Depuração Contrato                                                                                                      	UN	8599	8	85	859	8599		21318	2000	servicos.servicos
21326	Execução Extrajudicial Contrato                                                                                         	UN	8599	8	85	859	8599		21326	2000	servicos.servicos
21334	Instalação / Manutenção - Placa de Identificação                                                                        	UN	873	8	87	873			21334	2000	servicos.servicos
21342	Automatização Porta de Vidro - Instalação / Manutenção                                                                  	UN	873	8	87	873			21342	2000	servicos.servicos
21350	Pesquisa - Consulta On-Line                                                                                             	UN	8422	8	84	842	8422		21350	2000	servicos.servicos
21369	Estudos e Projetos de Topografia                                                                                        	UN	8352	8	83	835	8352		21369	2000	servicos.servicos
21377	Estudo de Plantas                                                                                                       	UN	859	8	85	859			21377	2000	servicos.servicos
21385	Pesquisa Botânica                                                                                                       	UN	8511	8	85	851	8511		21385	2000	servicos.servicos
21393	Projeto Sistema Coleta a Vácuo                                                                                          	UN	97990	9	97	979	9799	97990	21393	2000	servicos.servicos
21407	Manutenção Sistema Coleta a Vácuo                                                                                       	UN	871	8	87	871			21407	2000	servicos.servicos
21415	Laboratório - Rebeneficiamento Material                                                                                 	UN	8599	8	85	859	8599		21415	2000	servicos.servicos
21423	Plano Gerenciamento Resíduos Sólidos                                                                                    	UN	949	9	94	949			21423	2000	servicos.servicos
21431	Fonograma Musical                                                                                                       	UN	9611	9	96	961	9611		21431	2000	servicos.servicos
21440	Efeito Sonoro                                                                                                           	UN	8599	8	85	859	8599		21440	2000	servicos.servicos
21458	Zoneamento Ambiental                                                                                                    	UN	949	9	94	949			21458	2000	servicos.servicos
21466	Plano de Manejo                                                                                                         	UN	949	9	94	949			21466	2000	servicos.servicos
21474	Leitura e Seleção - Despacho Judicial                                                                                   	UN	8213	8	82	821	8213		21474	2000	servicos.servicos
21482	Laboratório Cinematográfico                                                                                             	UN	9614	9	96	961	9614		21482	2000	servicos.servicos
21490	Locação Equipamento - Tradução Simultânea / Sonorização                                                                 	UN	7312	7	73	731	7312		21490	2000	servicos.servicos
21504	Confecção Clichê Impressão Gráfica                                                                                      	UN	8819	8	88	881	8819		21504	2000	servicos.servicos
21512	Confecção / Instalação - Claviculário                                                                                   	UN	873	8	87	873			21512	2000	servicos.servicos
21520	Locação Laboratório Informática                                                                                         	UN	7329	7	73	732	7329		21520	2000	servicos.servicos
21539	Instalação / Manutenção - Iluminação Travessia Urbana / Obrade Arte Especial                                            	UN	873	8	87	873			21539	2000	servicos.servicos
21547	Exame Citologia Oncótica                                                                                                	UN	9311	9	93	931	9311		21547	2000	servicos.servicos
21555	Exame Fosfatase Ácida Total                                                                                             	UN	9311	9	93	931	9311		21555	2000	servicos.servicos
21563	Exame Fosfatase Ácida Prostática                                                                                        	UN	9311	9	93	931	9311		21563	2000	servicos.servicos
21571	Exame Colesterol Total/Frações                                                                                          	UN	9311	9	93	931	9311		21571	2000	servicos.servicos
21580	Exame Uréia                                                                                                             	UN	9311	9	93	931	9311		21580	2000	servicos.servicos
21598	Exame Creatinina                                                                                                        	UN	9311	9	93	931	9311		21598	2000	servicos.servicos
21601	Exame Ácido Úrico                                                                                                       	UN	9311	9	93	931	9311		21601	2000	servicos.servicos
21610	Instalação Bloqueador - Ligação Telefônica                                                                              	UN	8599	8	85	859	8599		21610	2000	servicos.servicos
21628	Manutenção Filtro / Purificador Água                                                                                    	UN	8715	8	87	871	8715		21628	2000	servicos.servicos
21636	Desmontagem Equipamento Raio - X                                                                                        	UN	8599	8	85	859	8599		21636	2000	servicos.servicos
21644	Consultoria e Assessoria - Internet                                                                                     	UN	1731	1	17	173	1731		21644	2000	servicos.servicos
21652	Consultoria e Assessoria - Teleinformática                                                                              	UN	1731	1	17	173	1731		21652	2000	servicos.servicos
21660	Monitoramento Circuito Fechado TV                                                                                       	UN	852	8	85	852			21660	2000	servicos.servicos
21679	Locação Gerador Elétrico                                                                                                	UN	7312	7	73	731	7312		21679	2000	servicos.servicos
21687	Instalação/Manutenção/Operação - Elétrica                                                                               	UN	5461	5	54	546	5461		21687	2000	servicos.servicos
21695	Confecção Panóplia                                                                                                      	UN	8819	8	88	881	8819		21695	2000	servicos.servicos
21709	Confecção Impressão Tampográfica                                                                                        	UN	8369	8	83	836	8369		21709	2000	servicos.servicos
21717	Ensaio Equipamento a Gás                                                                                                	UN	8356	8	83	835	8356		21717	2000	servicos.servicos
21725	Desenvolvimento Tecnológico Equipamento Combustão                                                                       	UN	8599	8	85	859	8599		21725	2000	servicos.servicos
21733	Locação/Manutenção Máquina Venda Automática                                                                             	UN	7312	7	73	731	7312		21733	2000	servicos.servicos
21741	Desinfestação Por Atmosfera Anóxia                                                                                      	UN	949	9	94	949			21741	2000	servicos.servicos
21750	Locação Equipamento Radiocomunicação                                                                                    	UN	7321	7	73	732	7321		21750	2000	servicos.servicos
21768	Assistência Técnica / Prestação Serviço - Radiocomunicação                                                              	UN	8399	8	83	839	8399		21768	2000	servicos.servicos
21776	Troca Filtro - Veículo Automotivo                                                                                       	UN	8714	8	87	871	8714		21776	2000	servicos.servicos
21784	Estudo, Avaliação, Projeto - Imóveis                                                                                    	UN	7224	7	72	722	7224		21784	2000	servicos.servicos
21792	Estudos e Projetos Antropológicos                                                                                       	UN	8319	8	83	831	8319		21792	2000	servicos.servicos
21806	Instalação / Montagem - Estante                                                                                         	UN	873	8	87	873			21806	2000	servicos.servicos
21814	"Fornecimento Gás Oxigênio / Nitrogênio / Acetileno / ArgonioHelio / Exafluoreto de Enxofre ""Inativo""                    "	UN	9799	9	97	979	9799		21814	2000	servicos.servicos
21822	Manutenção / Reforma - Instalação Prevenção Combate Incêndio                                                            	UN	8729	8	87	872	8729		21822	2000	servicos.servicos
21830	Xerografia                                                                                                              	UN	8912	8	89	891	8912		21830	2000	servicos.servicos
21849	Pagamento Diária - Nacional / Internacional                                                                             	UN	711	7	71	711			21849	2000	servicos.servicos
21857	Pagamento Despesa com Pessoal                                                                                           	UN	711	7	71	711			21857	2000	servicos.servicos
21865	Auxílio Gás                                                                                                             	UN	8599	8	85	859	8599		21865	2000	servicos.servicos
21873	Telefonia Fixa Comutada / Convencional                                                                                  	UN	1411	1	14	141	1411		21873	2000	servicos.servicos
21881	Desinfestação / Controle Pássaros                                                                                       	UN	949	9	94	949			21881	2000	servicos.servicos
21890	Confecção Roseta para Bandeira                                                                                          	UN	8819	8	88	881	8819		21890	2000	servicos.servicos
21903	Pedágio Eletrônico                                                                                                      	UN	71100	7	71	711	7110	71100	21903	2000	servicos.servicos
21911	Confecção / Instalaçao / Manutenção - Vidraçaria                                                                        	UNM2	8819	8	88	881	8819		21911	2000	servicos.servicos
21920	Confecção de Elástico para Processo com Logotipo                                                                        	UN	8819	8	88	881	8819		21920	2000	servicos.servicos
21938	Confecção Quadro Aviso                                                                                                  	UN	8819	8	88	881	8819		21938	2000	servicos.servicos
21946	Alienação de Bens Moveis e Imoveis                                                                                      	UN	859	8	85	859			21946	2000	servicos.servicos
21954	Peça Reposição Sistema Polarográfico                                                                                    								21954	2000	servicos.servicos
21962	Locação Transformador Energia                                                                                           	UN	7312	7	73	731	7312		21962	2000	servicos.servicos
21970	Manutenção Central de Chamada                                                                                           	UN	8729	8	87	872	8729		21970	2000	servicos.servicos
21989	Instalação / Manutenção / remoção - Piso Madeira                                                                        	UN	8739	8	87	873	8739		21989	2000	servicos.servicos
21997	Instalação - Forro Pvc                                                                                                  	UNM2	8739	8	87	873	8739		21997	2000	servicos.servicos
22004	Consultoria e Assessoria Técnica - Terapia Corporal                                                                     	UN	8313	8	83	831	8313		22004	2000	servicos.servicos
22012	Instalação / Manutenção Suporte Projeção Visual                                                                         	UN	871	8	87	871			22012	2000	servicos.servicos
22020	Instalação / Manutenção Dispositivo Sustentação/Afastamento                                                             	UN	8739	8	87	873	8739		22020	2000	servicos.servicos
22039	Confecção Materiais Propaganda                                                                                          	UN	891	8	89	891			22039	2000	servicos.servicos
22047	Locação Planta Ornamental                                                                                               	UN	7329	7	73	732	7329		22047	2000	servicos.servicos
22055	Serviço de Profilaxia Ambiental sem Produto Químico                                                                     	UN	949	9	94	949			22055	2000	servicos.servicos
22063	Instalação de Máquinas e  Equipamentos para Indústria Farma-cêutica                                                     	UN	8732	8	87	873	8732		22063	2000	servicos.servicos
22071	Instalação de Unidade de Água Gelada                                                                                    	UN	8739	8	87	873	8739		22071	2000	servicos.servicos
22080	Instalação de Grupo Datador para Lote e Validade                                                                        	UN	8739	8	87	873	8739		22080	2000	servicos.servicos
22098	Manutenção Rede Oxigênio                                                                                                	UN	863	8	86	863			22098	2000	servicos.servicos
22101	Instalação / Manutenção - Persiana Entre-Vidros                                                                         	UNM2	8729	8	87	872	8729		22101	2000	servicos.servicos
22110	Locação Equipamento / Produção Gravação - Espera Telefônica                                                             	UN	732	7	73	732			22110	2000	servicos.servicos
22128	Manutenção / Instalação / Desenvolvimento Software                                                                      	UNH	8399	8	83	839	8399		22128	2000	servicos.servicos
22136	Remediação e Biorremediação Ambiental                                                                                   	UN	8399	8	83	839	8399		22136	2000	servicos.servicos
22144	Plano Emergencial - Prevenção/Controle Ambiental                                                                        	UN	8399	8	83	839	8399		22144	2000	servicos.servicos
22152	Prestação de Serviços de Bombeiro Hidráulico                                                                            	UN	8512	8	85	851	8512		22152	2000	servicos.servicos
22160	Prestação de Serviços de Pedreiro                                                                                       	UN	8512	8	85	851	8512		22160	2000	servicos.servicos
22179	Cessão Direito Uso Software / Arquivo                                                                                   	UN	1821	1	18	182	1821		22179	2000	servicos.servicos
22187	Monitoria Exposição                                                                                                     	UN	8512	8	85	851	8512		22187	2000	servicos.servicos
22195	Beneficiamento Produto Farmacêutico                                                                                     	UN	979	9	97	979			22195	2000	servicos.servicos
22209	Confecção Toalha de Mesa                                                                                                	UN	881	8	88	881			22209	2000	servicos.servicos
22217	Confecção Guardanapo em Tecido                                                                                          	UN	881	8	88	881			22217	2000	servicos.servicos
22225	Serviço Engenharia                                                                                                      	UNMÊS H	833	8	83	833			22225	2000	servicos.servicos
22233	Locação de Energia Ininterrupta (Nobreak)                                                                               	UN	7312	7	73	731	7312		22233	2000	servicos.servicos
22241	Manutenção e Reparo Máquina Protocolizadora                                                                             	UN	8715	8	87	871	8715		22241	2000	servicos.servicos
22250	Revisão Veículo - Quilometragem                                                                                         	UN	8599	8	85	859	8599		22250	2000	servicos.servicos
22268	Manutenção Máquina Lavar - Concreto                                                                                     	UN	8715	8	87	871	8715		22268	2000	servicos.servicos
22276	Serviço Manuscrito                                                                                                      	M	891	8	89	891			22276	2000	servicos.servicos
22284	Fornecimento Bonus Eletrônico  / Acesso Sistema On-Line                                                                 	UN	979	9	97	979			22284	2000	servicos.servicos
22292	Usinagem / Retífica / Eletroerosão                                                                                      	UN	979	9	97	979			22292	2000	servicos.servicos
22306	Colocação Crédito Máquina Franqueadora Postal                                                                           	UN	979	9	97	979			22306	2000	servicos.servicos
22314	Manutenção / Reparo Estabilizador Voltagem                                                                              	UN	8715	8	87	871	8715		22314	2000	servicos.servicos
22322	Confecção de Trabalhos em Granito                                                                                       	UN	8819	8	88	881	8819		22322	2000	servicos.servicos
22330	Confecção Sacolas                                                                                                       	UN	8819	8	88	881	8819		22330	2000	servicos.servicos
22349	Adaptação / Transformação Fator de Potência Sistema Elétrico                                                            	UN	8399	8	83	839	8399		22349	2000	servicos.servicos
22357	Comunicação de Dados e Frame Relay Com Roteadores                                                                       	UN	8399	8	83	839	8399		22357	2000	servicos.servicos
22365	Serviços de Telecomunicações                                                                                            	UN	841	8	84	841			22365	2000	servicos.servicos
22373	Exame Médico Periódico                                                                                                  	UN	9311	9	93	931	9311		22373	2000	servicos.servicos
22381	Recepção Canais Analógicos TV                                                                                           	UN	8442	8	84	844	8442		22381	2000	servicos.servicos
22390	Manutenção e Reparo de Cilindro de Gás                                                                                  	UN	871	8	87	871			22390	2000	servicos.servicos
22403	Serviço Padeiro                                                                                                         	UN	8512	8	85	851	8512		22403	2000	servicos.servicos
22411	Torneiro Mecânico                                                                                                       	UN	8512	8	85	851	8512		22411	2000	servicos.servicos
22420	Prestação de Serviços de Açougueiro                                                                                     	UN	8512	8	85	851	8512		22420	2000	servicos.servicos
22438	Gravação em Chapas Impressão Gráfica                                                                                    	UN	8594	8	85	859	8594		22438	2000	servicos.servicos
22446	Assistência Emergencial em Viagens                                                                                      	UN	8512	8	85	851	8512		22446	2000	servicos.servicos
22454	Ar Condicionado - Manutenção Sistema Central                                                                            	UN	8715	8	87	871	8715		22454	2000	servicos.servicos
22462	Confecção Móvel / Artigo - Aço                                                                                          	UN	8819	8	88	881	8819		22462	2000	servicos.servicos
22470	Vistoria/Avaliação e Regulação de Sinistros Aeronáuticos                                                                	UN	8399	8	83	839	8399		22470	2000	servicos.servicos
22489	Manutenção Telescópio                                                                                                   	UN	8715	8	87	871	8715		22489	2000	servicos.servicos
22497	Confecção / Instalação Faixas                                                                                           	UN	8912	8	89	891	8912		22497	2000	servicos.servicos
22500	Confecção/Instalação de Fita Antiderrapante                                                                             	UN	8819	8	88	881	8819		22500	2000	servicos.servicos
22519	Confecção/Instalação de Placa de Sinalização                                                                            	UN	8739	8	87	873	8739		22519	2000	servicos.servicos
22527	Confecção Pré-Moldados de Concreto                                                                                      	UN	5440	5	54	544	5440		22527	2000	servicos.servicos
22535	Instalação Cortina Ar                                                                                                   	UN	8739	8	87	873	8739		22535	2000	servicos.servicos
22543	Serviço Instalação Grupo Gerador                                                                                        	UN	8739	8	87	873	8739		22543	2000	servicos.servicos
22551	Confecção Bolsa                                                                                                         	UN	8812	8	88	881	8812		22551	2000	servicos.servicos
22560	Levantamento de Dados Populacionais                                                                                     	UN	8399	8	83	839	8399		22560	2000	servicos.servicos
22578	Instalação / Manutenção / Bancada                                                                                       	UNM2	8739	8	87	873	8739		22578	2000	servicos.servicos
22586	Confecção Móveis / Placas / Painéis em vidro                                                                            	UN	8819	8	88	881	8819		22586	2000	servicos.servicos
22594	Reparo Prótese_Ortopédica                                                                                               	UN	8729	8	87	872	8729		22594	2000	servicos.servicos
22608	Instalação / Manutenção Central Gás                                                                                     	UN	863	8	86	863			22608	2000	servicos.servicos
22616	Montagem/Desmontagem/Manutenção-Máquina de Franquear                                                                    	UN	8715	8	87	871	8715		22616	2000	servicos.servicos
22624	Formolização de Cadáver                                                                                                 	UN	8399	8	83	839	8399		22624	2000	servicos.servicos
22632	Manutenção Bomba Combustível                                                                                            	UN	8711	8	87	871	8711		22632	2000	servicos.servicos
22640	Tratamento Imagem Digital                                                                                               	UN	8381	8	83	838	8381		22640	2000	servicos.servicos
22659	Mautenção e Reparo Equipagem Passadeiras Alumínio                                                                       	UN	8711	8	87	871	8711		22659	2000	servicos.servicos
22667	Manutenção e Reparo Componentes Portadas Leves Militares                                                                	UN	8729	8	87	872	8729		22667	2000	servicos.servicos
22675	Higienização / Conservação de Livros                                                                                    	UN	8534	8	85	853	8534		22675	2000	servicos.servicos
22683	Exame Emissão Otoacústica                                                                                               	UN	9311	9	93	931	9311		22683	2000	servicos.servicos
22691	Manutenção / Reparo - Equipamento Inversor de Freqüência                                                                	UN	8715	8	87	871	8715		22691	2000	servicos.servicos
22705	Produção de Mapas                                                                                                       	UN	8399	8	83	839	8399		22705	2000	servicos.servicos
22713	Confecção Carro / equipamento para embarcação                                                                           	UN	8822	8	88	882	8822		22713	2000	servicos.servicos
22721	Locação Sala / Auditório                                                                                                	UN	7329	7	73	732	7329		22721	2000	servicos.servicos
22730	Transporte Rodoviário-Mobiliário/Materiais/Equipamentos/BensPessoais                                                    	UN	643	6	64	643			22730	2000	servicos.servicos
22748	Montagem Ambulatório                                                                                                    	UN	8399	8	83	839	8399		22748	2000	servicos.servicos
22756	Recuperação / Manutenção Barragem para Irrigação                                                                        	UN	979	9	97	979			22756	2000	servicos.servicos
22764	Pagamento Coberturas Seguro Veículo                                                                                     	UN	711	7	71	711			22764	2000	servicos.servicos
22772	Transporte de Mudança - Intermunicipal                                                                                  	UN	643	6	64	643			22772	2000	servicos.servicos
22780	Recuperação / Manutenção / Transporte / Transplante Plantas                                                             	UN	8611	8	86	861	8611		22780	2000	servicos.servicos
22799	Instalação corrimões de ferro                                                                                           	UN	8731	8	87	873	8731		22799	2000	servicos.servicos
22802	Treinamento na Área de Saúde                                                                                            	UN	929	9	92	929			22802	2000	servicos.servicos
22810	Confecção de Cordão para Crachá                                                                                         	UN	8399	8	83	839	8399		22810	2000	servicos.servicos
22829	Locação / Manutenção Máquina Hemodiálise                                                                                	UNMÊS	7312	7	73	731	7312		22829	2000	servicos.servicos
22837	Manutenção Sistema Tratamento d'Água - Máquina Hemodiálise /Sistema Central de ventilação                               	HOMEM/H	8715	8	87	871	8715		22837	2000	servicos.servicos
22845	Fornecimento de Água e Coleta de Esgoto Sanitário                                                                       	UN	692	6	69	692			22845	2000	servicos.servicos
22853	Remoção / Instalação / Reparo - Caixa Marcha                                                                            	UN	87141	8	87	871	8714	87141	22853	2000	servicos.servicos
22861	Prestação Serviço Copa / Cozinha                                                                                        	UN	8512	8	85	851	8512		22861	2000	servicos.servicos
22870	Monitoramento Informação Mídia Eletrônica                                                                               	UN	844	8	84	844			22870	2000	servicos.servicos
22888	Locação Bens Móveis                                                                                                     	UN	7329	7	73	732	7329		22888	2000	servicos.servicos
22896	Conservação / Manutenção / Restauração de Rodovia                                                                       	UN	5421	5	54	542	5421		22896	2000	servicos.servicos
22900	Criação e Manutenção de Organizações para Pesquisas Científicas                                                         	UN	979	9	97	979			22900	2000	servicos.servicos
22918	Cooperação / Convênios / Contratos - Área Nacional e Internacional                                                      	UN	8599	8	85	859	8599		22918	2000	servicos.servicos
22926	Serviços de Conservação de Recursos Genéticos                                                                           	UN	8399	8	83	839	8399		22926	2000	servicos.servicos
22934	Serviços Especializados em Biotecnologia                                                                                	UN	861	8	86	861			22934	2000	servicos.servicos
22942	Pesquisa,Desenvolvimento e Aperfeiçoamento de Biotecnologias                                                            	UN	861	8	86	861			22942	2000	servicos.servicos
22950	Serviços Especializados de Planejamento/ Implantação e Operação de Central de Atendimento                               	UN	839	8	83	839			22950	2000	servicos.servicos
22969	Restauração/ Conservação e Preservação de Patrimônio Histórico                                                          	UN	9641	9	96	964	9641		22969	2000	servicos.servicos
22977	Inatalação/Manutenção - Circuito Fechado TV                                                                             	UN	873	8	87	873			22977	2000	servicos.servicos
22985	Instalação / Manutenção - Bombas Hidráulicas / Combustível                                                              	UN	873	8	87	873			22985	2000	servicos.servicos
22993	Informática - Suporte Técnico ( Software / Equipamentos )                                                               	UN	8319	8	83	831	8319		22993	2000	servicos.servicos
23000	Assinatura de Periodicos Oficiais                                                                                       	UN	61251	6	61	612	6125	61251	23000	2000	servicos.servicos
23019	LOCAÇÃO APARELHO TRANSMISSÃO/RECEPÇÃO MENSAGENS                                                                         	UN	7312	7	73	731	7312		23019	2000	servicos.servicos
23027	Fornecimento Passagem Rodoviária - Menor Taxa de Serviço                                                                	UN	679	6	67	679			23027	2000	servicos.servicos
23035	Manutenção em Equipamento de Absorção Atômica                                                                           	UN	8715	8	87	871	8715		23035	2000	servicos.servicos
23043	Curso Autocad                                                                                                           	UN	929	9	92	929			23043	2000	servicos.servicos
23051	Fornecimento Cartão / Crédito Telefone Celular                                                                          	UN	841	8	84	841			23051	2000	servicos.servicos
23060	Fiscalização Obras Civis                                                                                                	UNMÊS	8399	8	83	839	8399		23060	2000	servicos.servicos
23078	Curso Tratamento / Manutenção Piscina                                                                                   	UN	929	9	92	929			23078	2000	servicos.servicos
23086	Instalação / Manutenção - Rede Distribuição Gás                                                                         	UN	8729	8	87	872	8729		23086	2000	servicos.servicos
23094	Manutenção - Equipamento Controle Acesso Pessoal                                                                        	UN	871	8	87	871			23094	2000	servicos.servicos
23108	Assinatura de Jornais e Periódicos / ACERVO BIBLIOGRÁFICO - com Acesso-On-Line                                          	UN	61251	6	61	612	6125	61251	23108	2000	servicos.servicos
23116	Locação Pré-Moldados de Concreto                                                                                        	UN	7329	7	73	732	7329		23116	2000	servicos.servicos
23124	Serviço Especializado em Assistência Social                                                                             	UN	933	9	93	933			23124	2000	servicos.servicos
23132	Pagamento Fatura Telefônica                                                                                             	UN	711	7	71	711			23132	2000	servicos.servicos
23140	Prestação de Serviço de Reprografia Envolvendo Equipamento /Operação/Suprimentos - Reprodução Cor Preta                 	CÓPIA OUTRAS	8594	8	85	859	8594		23140	2000	servicos.servicos
23159	Prestação de Serviço de Reprografia Envolvendo Equipamento /Operação/Suprimentos - Reprodução Colorida                  	CÓPIA OUTRAS	8594	8	85	859	8594		23159	2000	servicos.servicos
23167	Prestação de Serviço de Reprografia - Locação de EquipamentoReprodução Cor Preta                                        	CÓPIA EQP OUTRAS	8594	8	85	859	8594		23167	2000	servicos.servicos
23175	Prestação de Serviço de Reprografia - Locação de EquipamentoReprodução Colorida                                         	CÓPIA EQP OUTRAS	8594	8	85	859	8594		23175	2000	servicos.servicos
23183	Prestação de Serviço de Reprografia - Operação de Equipamen-to                                                          	POSTO OUTRAS	8594	8	85	859	8594		23183	2000	servicos.servicos
23191	Prestação de Serviço de Transporte Para Servidor - Diária de2ª a 6ª-feira                                               	VEÍCULO KMOUTRAS	643	6	64	643			23191	2000	servicos.servicos
23205	Prestação de Serviço de Reprografia - Locação de EquipamentoReprocuçãO Cor Preta                                        	CÓPIA EQP	85940	8	85	859	8594	85940	23205	2000	servicos.servicos
23213	Prestação de Serviço de Transporte Para Servidor - Diária de2ª a Domingo                                                	VEÍCULO KMOUTRAS	643	6	64	643			23213	2000	servicos.servicos
23221	Prestação de Serviço de Reprografia - Locação de EquipamentoReprodução Colorida                                         	CÓPIA EQP	85940	8	85	859	8594	85940	23221	2000	servicos.servicos
23230	Prestação de Serviço de Transporte Para Servidor - Diária deSábado / Domingo / Feriados                                 	VEÍCULO KMOUTRAS	643	6	64	643			23230	2000	servicos.servicos
23248	Prestação de Serviço de Transporte Para Serviço - Mensal de 2ª a 6ª-Feira                                               	VEÍCULO KMOUTRAS	643	6	64	643			23248	2000	servicos.servicos
23256	Prestação de Serviço de Emissão de Bilhete de Passagem AéreaNacional - Perc. Desconto Sobre Volume Total de Vendas      	DESCOUTRAS	67811	6	67	678	6781	67811	23256	2000	servicos.servicos
23264	Prestação de Serviço de Transporte Para Servidor - Mensal de2ª a Domingo                                                	VEÍCULO KMOUTRAS	643	6	64	643			23264	2000	servicos.servicos
23272	Prestação de Serviço de Emissão de Bilhete de Passagem AéreaNacional - Perc. Desconto Sobre Comissão Vendas             	DESCOUTRAS	67811	6	67	678	6781	67811	23272	2000	servicos.servicos
23280	Prestação de Serviço de Emissão de Bilhete de Passagem AéreaInternacional - Perc. Desconto Sobre Volume Total de Vendas 	DESCOUTRAS	67811	6	67	678	6781	67811	23280	2000	servicos.servicos
23299	Prestação de Serviço de Transporte Para Servidor - Mensal deSábado / Domingo / Feriados                                 	VEÍCULO KMOUTRAS	643	6	64	643			23299	2000	servicos.servicos
23302	Prestação de Serviço de Emissão de Bilhete de Passagem AéreaInternacional - Perc. Desconto Sobre Comissão Vendas        	DESCOUTRAS	67811	6	67	678	6781	67811	23302	2000	servicos.servicos
23310	Prestação de Serviço de Transporte Para Servidor - Por Hora                                                             	VEÍCULO KMOUTRAS	643	6	64	643			23310	2000	servicos.servicos
23329	Prestação de Serviço de Limpeza e Conservação - Áreas Inter NAS - 44 Horas Semanais Diurnas - Produtividade 600 m2      	M2	853	8	85	853			23329	2000	servicos.servicos
23337	Prestação de Serviço de Transpoorte Para Servidor - Conduçãode Veículo - 44 Horas Semanais Diurnas                      	KM/POST	64322	6	64	643	6432	64322	23337	2000	servicos.servicos
23345	Prestação de Serviço de Limpeza e Conservação - Áreas Inter nas - 12 Horas Diurnas - 2ª a Domingo - Outra Produtividade 	M2	853	8	85	853			23345	2000	servicos.servicos
23353	Prestação de Serviço de Transporte Para Servidor - 12 Horas Diurnas de 2ª a 6ª-Feira                                    	POSTO OUTRAS	643	6	64	643			23353	2000	servicos.servicos
23361	Prestação de Serviço de Limpeza e Conservação - Áreas Inter-nas - 12 Horas Diurnas - 2ª a 6ª Feira - Outra Produtividade	M2	853	8	85	853			23361	2000	servicos.servicos
23370	Prestação de Serviço de Limpeza e Conservação - Áreas Inter-nas-12 Horas Diurnas-Sáb/Dom e Feriado - Outra Produtividade	M2	853	8	85	853			23370	2000	servicos.servicos
23388	Prestação de Serviço de  Transporte Para Servidor - Conduçãode Veículo - 44 Horas Semanais Diurnas                      	POSTO OUTRAS	643	6	64	643			23388	2000	servicos.servicos
23396	Prestação de Serviço de Limpeza e Conservação - Áreas Inter-nas - 12 Horas Noturnas - 2ª a Domingo - Outra Produtividade	M2	853	8	85	853			23396	2000	servicos.servicos
23400	Prestação de Serviço de Limpeza e Conservação - Áreas Inter-nas-12 Horas Noturnas - 2ª a 6ª Feira - Outra Produtividade 	M2	853	8	85	853			23400	2000	servicos.servicos
23418	Prestação de Serviço de  Transporte Para Servidor - Conduçãode Veículo - 12 Horas Diurnas de 2ª a Domingo               	POSTO OUTRAS	643	6	64	643			23418	2000	servicos.servicos
23426	Prestação de Serviço de Limpeza e Conservação - Áreas Inter-nas-12 Horas Noturnas-Sáb/Dom e Feriado-Outra Produtividade 	M2	853	8	85	853			23426	2000	servicos.servicos
23434	Prestação de Serviço de Limpeza e Conservação - Áreas Exter-nas- 44 Horas Semanais Diurnas- Produtividade 1800 A 2700 M2	M2	853	8	85	853			23434	2000	servicos.servicos
23442	Prestação de Serviço de  Transporte Para Servidor - Conduçãode Veículo - 12 Horas Diurnas de Sábado / Domingo / Feriados	POSTO OUTRAS	643	6	64	643			23442	2000	servicos.servicos
23450	Prestação de Serviço de Limpeza e Conservação - Áreas Exter-nas - 12 Horas Diurnas - 2ª a Domingo - Outra Produtividade 	M2	853	8	85	853			23450	2000	servicos.servicos
23469	Prestação de Serviço de  Transporte Para Servidor - Conduçãode Veículo - 12 Horas Noturnas de 2ª a 6ª-Feira             	POSTO OUTRAS	643	6	64	643			23469	2000	servicos.servicos
23477	Prestação de Serviço de Limpeza e Conservação - Áreas Exter-nas - 12 Horas Diurnas - 2ª a 6ª Feira - Outra Produtividade	M2	853	8	85	853			23477	2000	servicos.servicos
23485	Prestação de Serviço de Limpeza e Conservação - Áreas Exter-nas-12 Horas Diurnas-Sáb/Dom e Feriado - Outra Produtividade	M2	853	8	85	853			23485	2000	servicos.servicos
23493	Prestação de Serviço de  Transporte Para Servidor - Conduçãode Veículo - 12 Horas Noturnas de 2ª a Domingo              	POSTO OUTRAS	643	6	64	643			23493	2000	servicos.servicos
23507	Prestação de Serviço de  Vigilância e Segurança - Orgânica -44 Horas Semanais Diurnas                                   	POSTO	852	8	85	852			23507	2000	servicos.servicos
23515	Prestação de Serviço de Limpeza e Conservação - Áreas Exter-nas - 12 Horas Noturnas - 2ª a Domingo - Outra Produtividade	M2	853	8	85	853			23515	2000	servicos.servicos
23523	Prestação de Serviço de Limpeza e Conservação - Áreas Exter-nas-12 Horas Noturnas - 2ª a 6ª Feira - Outra Produtividade 	M2	853	8	85	853			23523	2000	servicos.servicos
23531	Prestação de serviço de  Transporte Para Servidor - Conduçãode Veículo - 12 Horas Noturnas de Sábado/Domingo/Feriados   	POSTO OUTRAS	643	6	64	643			23531	2000	servicos.servicos
23540	Prestação de Serviço de Limpeza e Conservação - Áreas Exter-nas-12 Horas Noturnas-Sáb/Dom e Feriado-Outra Produtividade 	M2	853	8	85	853			23540	2000	servicos.servicos
23558	Prestação de Serviço de  Transporte Para Servidor - Conduçãode Veículo - Por Hora                                       	POSTO OUTRAS	643	6	64	643			23558	2000	servicos.servicos
23566	Prestação de Serviço de Limpeza e Conservação - Esquadrias  Externas - Freqüência 16H/Mensal - Produtividade 220 m2     	M2	853	8	85	853			23566	2000	servicos.servicos
23574	Prestação de serviço de  Transporte Para Servidor EnvolvendoVeículo/Condução/Manutenção/Combustível-44H Semanais Diurnas	POSTO KMOUTRAS	643	6	64	643			23574	2000	servicos.servicos
23582	Prestação de Serviço de Limpeza e Conservação - Fachadas    Envidraçadas - Freqüência 8H/Semestre - Produtividade 110 m2	M2	853	8	85	853			23582	2000	servicos.servicos
23590	Prestação de Serviço de Limpeza e Conservação - Áreas Hospi-talares - 44 Horas Semanais Diurnas - Produtividade 330 m2  	M2	853	8	85	853			23590	2000	servicos.servicos
23604	Prestação de Serviço de Limpeza e Conservação - Áreas Hospi-talares-12 Horas Diurnas- 2ª a Domingo - Outra Produtividade	M2	853	8	85	853			23604	2000	servicos.servicos
23612	Prestação de serviço de  Transporte Para Servidor EnvolvendoVeic/Condução/Manut/Combustível-12H Diurnas de 2ª a 6ª-Feira	POSTO KMOUTRAS	643	6	64	643			23612	2000	servicos.servicos
23620	Prestação de Serviço de Limpeza e Conservação - Áreas Hospi-talares-12 Horas Diurnas-2ª a 6ª Feira - Outra Produtividade	M2	853	8	85	853			23620	2000	servicos.servicos
23639	Prestação de Serviço de Limpeza e Conservação-Áreas Hospita-lares-12 Horas Diurnas-Sáb/Dom e Feriado-Outra Produtividade	M2	853	8	85	853			23639	2000	servicos.servicos
23647	Prestação de Serviço de  Vigilância e Segurança - Orgânica -12 Horas Diurnas - 2ª a Domingo                             	POSTO	852	8	85	852			23647	2000	servicos.servicos
23655	Prestação de Serviço de Limpeza e Conservação - Áreas Hospi-talares-12 Horas Noturnas - 2ª a Domingo-Outra Produtividade	M2	853	8	85	853			23655	2000	servicos.servicos
23663	Prestação de Serviço de  Transporte Para Servidor EnvolvendoVeíc/Condução/Manut/Combustível-12H Diurnas de 2ª a Domingo 	POSTO KMOUTRAS	643	6	64	643			23663	2000	servicos.servicos
23671	Prestação de Serviço de Limpeza e Conservação - Áreas Hospi-talares-12 Horas Noturnas-2ª a 6ª Feira-Outra Produtividade 	M2	853	8	85	853			23671	2000	servicos.servicos
23680	Prestação de Serviço de Limpeza e Conservação-Áreas Hospila-lares-12 Horas Noturnas-Sáb/Dom/Feriado-Outra Produtividade 	M2	853	8	85	853			23680	2000	servicos.servicos
23698	Prestação de serviço de  Transporte Para Servidor EnvolvendoVeíc/Condução/Manut/Combustível-12H Diurnas Sab/Dom/Feriados	POSTO KMOUTRAS	643	6	64	643			23698	2000	servicos.servicos
23701	Prestação de Serviço de  Vigilância e Segurança - Orgânica -12 Horas Diurnas - 2ª A 6ª-Feira                            	POSTO	852	8	85	852			23701	2000	servicos.servicos
23710	Prestação de Serviço de Transporte Para Servidor Envolvendo Veículo/Condução/Manutenção/Combustível - 12 Horas Noturnas 	KM/POST	64322	6	64	643	6432	64322	23710	2000	servicos.servicos
23728	Prestação de Serviço de  Transporte Para Servidor EnvolvendoVeic/Conduc/Manut/Combustível-12H Noturnas de Seg a Domingo 	POSTO KMOUTRAS	643	6	64	643			23728	2000	servicos.servicos
23736	Prestação de Serviço de  Transporte Para Servidor EnvolvendoVeíc/Conduc/Manut/Combustível - 12H Noturnas de Seg a Sexta 	POSTO KM	643	6	64	643			23736	2000	servicos.servicos
23744	Prestação de Serviço de  Transporte Para Servidor EnvolvendoVeic/Conduc/Manut/Combustível-12H Noturnas Sab/Dom/Feriados 	POSTO KMOUTRAS	643	6	64	643			23744	2000	servicos.servicos
23752	PRESTAçãO DE SERVIçO DE VIGILâNCIA E SEGURANçA - ORGâNICA - 12 Horas Diurnas - Sábado/Domingo/Feriados                  	POSTO	85250	8	85	852	8525	85250	23752	2000	servicos.servicos
23760	"Prestação de Serviço de Vigilância e Segurança - Orgânica - 12 Horas Noturnas - 2ª a Domingo ""Inativo""                  "	POSTO	64322	6	64	643	6432	64322	23760	2000	servicos.servicos
23779	"Prestação de Serviço de Vigilância e Segurança - Orgânica - 12 Horas Noturnas - 2ª a 6ª-Feira ""Inativo""                 "	POSTO	64322	6	64	643	6432	64322	23779	2000	servicos.servicos
23787	"Prestação de Serviço de Vigilância e Segurança - Orgânica - 12 Horas Noturnas - Sábado/Domingo/Feriados ""Inativo""       "	POSTO	64322	6	64	643	6432	64322	23787	2000	servicos.servicos
23795	Prestação de Serviço de  Vigilância e Segurança - Orgânica -24 Horas Diuturnas                                          	POSTO	852	8	85	852			23795	2000	servicos.servicos
23809	Prestação de Serviço de  Vigilância e Segurança - Eletrônica12 Horas Diurnas - 2ª a Domingo                             	POSTO	852	8	85	852			23809	2000	servicos.servicos
23817	Prestação de Serviço de  Vigilância e Segurança - Eletrônica12 Horas Diurnas - 2ª a 6ª-Feira                            	POSTO	852	8	85	852			23817	2000	servicos.servicos
23825	Prestação de Serviço de  Vigilância e Segurança - Eletrônica12 Horas Diurnas - Sábado/Domingo/Feriados                  	POSTO	852	8	85	852			23825	2000	servicos.servicos
23833	Prestação de Serviço de  Vigilância e Segurança - Eletrônica12 Horas Noturnas - 2ª a Domingo                            	POSTO	852	8	85	852			23833	2000	servicos.servicos
23841	Prestação de Serviço de  Vigilância e Segurança - Eletrônica12 Horas Noturnas - 2ª a 6ª-Feira                           	POSTO	852	8	85	852			23841	2000	servicos.servicos
23850	Prestação de Serviço de  Vigilância e Segurança - Eletrônica12 Horas Noturnas - Sábado/Domingo/Feriados                 	POSTO	852	8	85	852			23850	2000	servicos.servicos
23868	Prestação de Serviço de  Vigilância e Segurança - Eletrônica24 Horas Diuturnas                                          	POSTO	852	8	85	852			23868	2000	servicos.servicos
23876	Prestação de Serviço de  Vigilância e Segurança - Orgânica eEletrônica (Integrada) - 44 Horas Semanais Diurnas          	POSTO	852	8	85	852			23876	2000	servicos.servicos
23884	Prestação de Serviço de  Vigilância e Segurança - Orgânica eEletrônica (Integrada) - 12 Horas Diurnas - 2ª a Domingo    	POSTO	852	8	85	852			23884	2000	servicos.servicos
23892	Prestação de Serviço de  Vigilância e Segurança - Orgânica eEletrônica (Integrada) - 12 Horas Diurnas - 2ª A 6ª-Feira   	POSTO	852	8	85	852			23892	2000	servicos.servicos
23906	Prestação de Serviço de Vigilância e Segurança - Orgânica e Eletrônica (Integrada) - 12 Horas Diurnas - Sáb/Dom/Feriados	POSTO	85250	8	85	852	8525	85250	23906	2000	servicos.servicos
23914	Prestação de Serviço de  Vigilância e Segurança - Orgânica eEletrônica (Integrada) - 12 Horas Noturnas - 2ª a Domingo   	POSTO	852	8	85	852			23914	2000	servicos.servicos
23922	Prestação de Serviço de  Vigilância e Segurança - Orgânica eEletrônica (Integrada) - 12 Horas Noturnas - 2ª a 6ª-Feira  	POSTO	852	8	85	852			23922	2000	servicos.servicos
23930	Prestação de Serviço de  Vigilância e Segurança - Orgânica eEletrônica (Integrada) - 24 Horas Diuturnas                 	POSTO	852	8	85	852			23930	2000	servicos.servicos
23949	Prestação de Serviço de  Vigilância e Segurança - Orgânica -12 Horas Diurnas - Sábado / Domingo / Feriados              	POSTO	852	8	85	852			23949	2000	servicos.servicos
23957	Prestação de Serviço de  Vigilância e Segurança - Orgânica -12H Noturnas - 2ª a Domingo                                 	POSTO	852	8	85	852			23957	2000	servicos.servicos
23965	Prestação de Serviço de Vigilância e Segurança - Orgânica   12H Noturnas - 2ª a 6ª-Feira                                	POSTO	85250	8	85	852	8525	85250	23965	2000	servicos.servicos
23973	Prestação de Serviço de Vigilância e  Segurança - Orgânica -12 Horas Noturnas - Sábado / Domingo / Feriados             	POSTO	852	8	85	852			23973	2000	servicos.servicos
23981	Prestação de Serviço de Vigilância e Segurança -  Orgânica eEletrônica (Integrada) - 12H Noturnas - Sáb/Dom/Feriados    	POSTO	852	8	85	852			23981	2000	servicos.servicos
23990	Prestação de Serviços de Informática Operação de Computador                                                             	UN	8599	8	85	859	8599		23990	2000	servicos.servicos
24007	Prestação de Serviço de Vigilância e Segurança - Orgânica - 44 Horas Semanais Noturnas                                  	POSTO/M OUTRAS	85250	8	85	852	8525	85250	24007	2000	servicos.servicos
24015	SERVIÇO DE VIGILÂNCIA ARMADA                                                                                            	POSTO	852	8	85	852			24015	2000	servicos.servicos
24023	Prestação de Serviço de Limpeza e Conservação - Outras      Necessidades                                                	M2	853	8	85	853			24023	2000	servicos.servicos
24031	Prestação de Serviço de Limpeza e Conservação - Áreas Inter-nas - 44 Horas Semanais Diurnas - Outra Produtividade       	M2	853	8	85	853			24031	2000	servicos.servicos
24040	Prestação de Serviço de Limpeza e Conservação - Áreas Exter-nas - 44 Horas Semanais Diurnas - Outra Produtividade       	M2	853	8	85	853			24040	2000	servicos.servicos
24058	Prestação de Serviço de Limpeza e Conservação - Esquadrias  Externas - Freqüência 16H/Mensal - Outra Produtividade      	M2	853	8	85	853			24058	2000	servicos.servicos
24066	Prestação de Serviço de Limpeza e Conservação - Fachadas    Envidraçadas - Freqüência 8H/Semestre - Outra Produtividade 	M2	853	8	85	853			24066	2000	servicos.servicos
24074	Prestação de Serviço de Limpeza e Conservação - Áreas Hospi-talares - 44 Horas Semanais Diurnas - Outra Produtividade   	M2	853	8	85	853			24074	2000	servicos.servicos
24082	Prestação de Serviço de Reprografia - Outras Necessidades                                                               	CÓPIA EQP POSTO OUTRAS	8594	8	85	859	8594		24082	2000	servicos.servicos
24090	Prestação de Serviço de Limpeza e Conservação -  Áreas Internas - Outras Necessidades - Outra Produtividade             	M2	853	8	85	853			24090	2000	servicos.servicos
24104	Prestação de Serviço de Limpeza e Conservação - Áreas Exter-nas - Outras Necessidades.                                  	M2	853	8	85	853			24104	2000	servicos.servicos
24112	Prestação de Serviço de Limpeza e Conservação - Esquadrias  Externas - Outras Necessidades - Outra Produtividade        	M2	853	8	85	853			24112	2000	servicos.servicos
24120	Prestação de Serviço de  Limpeza e Conservação - Fachadas Envidraçadas - Outras Necessidades - Outra Produtividade      	M2	852	8	85	852			24120	2000	servicos.servicos
24139	Prestação de Serviço de Limpeza e Conservação - Áreas Hospi-talares - Outras Necessidades - Outra Produtividade         	M2	852	8	85	852			24139	2000	servicos.servicos
24147	Prestação de Serviço de Vigilância e Segurança - Orgânica - Outras Necessidades                                         	POSTO	852	8	85	852			24147	2000	servicos.servicos
24155	Prestação de Serviço de Vigilância e Segurança - Eletrônica-Outras Necessidades                                         	POSTO	852	8	85	852			24155	2000	servicos.servicos
24163	Prestação de Serviço de Vigilância e Segurança - Orgânica e Eletrônica (Integrada) - Outras Necessidades                	POSTO	852	8	85	852			24163	2000	servicos.servicos
24171	Prestação de Serviço de Emissão de Bilhete de Passagem AéreaNac e Internac - Desc Sobre Volume Total de Vendas          	DESC	67811	6	67	678	6781	67811	24171	2000	servicos.servicos
24180	Prestação de Serviço de Emissão de Bilhete de Passagem AéreaNac e Internac - Desc Sobre Comissão Vendas                 	DESC	67811	6	67	678	6781	67811	24180	2000	servicos.servicos
24198	Prestação de Serviço de Transporte Para Servidor - Outras   Necessidades                                                	OUTRASKMR	643	6	64	643			24198	2000	servicos.servicos
24201	Prestação de Serviço de Transporte  Para Servidor - Conduçãode Veículo - Outras Necessidades                            	OUTRAS	643	6	64	643			24201	2000	servicos.servicos
24210	Prestação de serviço de Transporte Para Servidor Envolvendo Veículo/Condução/Manutenção/Combustível-Outras Necessidades 	OUTRASKMR	643	6	64	643			24210	2000	servicos.servicos
24228	"Prestação de Serviço de Transporte Para Servidor - Outras   Necessidades ""Inativo""                                      "	OUTRAS	643	6	64	643			24228	2000	servicos.servicos
24236	Prestação de Serviço de Jardinagem - Canteiros Ornamentais -44H Semanais Diurnas - 300 M2/Mês                           	M2/M	8512	8	85	851	8512		24236	2000	servicos.servicos
24244	Prestação de Serviço de Jardinagem - Canteiros Ornamentais -44h Semanais Diurnas - Outra Produtividade                  	OUTRAS	8512	8	85	851	8512		24244	2000	servicos.servicos
24252	Prestação de Serviço de Jardinagem - Canteiros Ornamentais -Outras Necessidades - Outra Produtividade                   	M2/MOUTRAS	8512	8	85	851	8512		24252	2000	servicos.servicos
24260	Prestação de Serviço de Jardinagem - Gramados -44H Semanais Diurnas - 900 M2/Mês                                        	M2/M	8512	8	85	851	8512		24260	2000	servicos.servicos
24279	Prestação de Serviço de Jardinagem - Gramados - 44H SemanaisDiurnas - Outra Produtividade                               	OUTRAS	8512	8	85	851	8512		24279	2000	servicos.servicos
24287	Prestação de Serviço de Jardinagem - Gramados - Outras Necessidades - Outra Produtividade                               	M2/MOUTRAS	8512	8	85	851	8512		24287	2000	servicos.servicos
24295	Prestação de Serviço de Jardinagem - Áreas Brutas - 44H Semanais Diurnas - 600 M2/Mês                                   	M2/M	8512	8	85	851	8512		24295	2000	servicos.servicos
24309	Prestação de Serviço de Jardinagem - Áreas Brutas - 44H Semanais Diurnas - Outra Produtividade                          	OUTRAS	8512	8	85	851	8512		24309	2000	servicos.servicos
24317	Prestação de Serviço de Jardinagem - Áreas Brutas - Outras necessidades - Outra Produtividade                           	M2/MOUTRAS	8512	8	85	851	8512		24317	2000	servicos.servicos
24325	Prestação de Serviço de Jardinagem - Outros Serviços - OutraProdutividade                                               	M2/MOUTRAS	8512	8	85	851	8512		24325	2000	servicos.servicos
24333	Serviço de Licença pelo Uso de Software                                                                                 	UNMÊS	1821	1	18	182	1821		24333	2000	servicos.servicos
24341	Serviço de Transporte para Servidor Envolvendo Veículo/Manu-tenção/Combustível - 24 Horas Ininterruptas - Seg a Domingo 	CH/KM/R	643	6	64	643			24341	2000	servicos.servicos
24350	Serviço de reciclagem de resíduos não Metálicos                                                                         	L	8942	8	89	894	8942		24350	2000	servicos.servicos
24368	Serviço Manutenção / Reforma - Prótese                                                                                  	H	8729	8	87	872	8729		24368	2000	servicos.servicos
24376	Instalação e Montagem de Palco                                                                                          	M2UN	969	9	96	969			24376	2000	servicos.servicos
24384	Elaboração de Minuta de Edital para Concurso de Seleção de  Projetos                                                    	P/OBJ	911	9	91	911			24384	2000	servicos.servicos
24392	Serviços de Produção e Negócios                                                                                         	H	8599	8	85	859	8599		24392	2000	servicos.servicos
24406	Serviço de Blindagem Industrial,Comercial e Residencial(Construção e Montagem)                                          	M2	545	5	54	545			24406	2000	servicos.servicos
24414	Serviço de locação de materiais blindados em geral                                                                      	H	732	7	73	732			24414	2000	servicos.servicos
24422	Consulta Médica Urologia                                                                                                	UN	9312	9	93	931	9312		24422	2000	servicos.servicos
24430	Consulta Médica Cirurgião Geral                                                                                         	CONSMED	9311	9	93	931	9311		24430	2000	servicos.servicos
24449	Consulta Médica - Proctologia                                                                                           	UN	9311	9	93	931	9311		24449	2000	servicos.servicos
24457	Análise / Identificação / Classificação de Pragas                                                                       	UNH	8599	8	85	859	8599		24457	2000	servicos.servicos
24465	Serviços de Manutenção Aeroportuária                                                                                    	M M2M3PERFECO HOMEM/H PTKMR H UCTRANS T	6779001	6	67	677	6779	67790	24465	2000	servicos.servicos
24473	Lavagem Painel Divisório                                                                                                	M2	853	8	85	853			24473	2000	servicos.servicos
24481	Lançamento Linhas Flexíveis                                                                                             	UN	542	5	54	542			24481	2000	servicos.servicos
24490	Construção Montagem de Dutos Terrestre                                                                                  	UN	542	5	54	542			24490	2000	servicos.servicos
24503	Assessoria                                                                                                              	UN	8399	8	83	839	8399		24503	2000	servicos.servicos
24511	"Serviço Técnico Especializado ""inativo""                                                                                 "	UN	83990	8	83	839	8399	83990	24511	2000	servicos.servicos
24520	Manutenção Pista Duto                                                                                                   	UN	8715	8	87	871	8715		24520	2000	servicos.servicos
24538	Manutenção Industrial                                                                                                   	UN	8715	8	87	871	8715		24538	2000	servicos.servicos
24546	Manutenção Equipamentos Estáticos                                                                                       	UN	87159	8	87	871	8715	87159	24546	2000	servicos.servicos
24554	Manutenção Equipamentos Dinâmicos                                                                                       	UN	8715	8	87	871	8715		24554	2000	servicos.servicos
24562	Manutenção - Troca de Catalizador                                                                                       	UN	8715	8	87	871	8715		24562	2000	servicos.servicos
24570	Manutenção - Equipamentos de Poços                                                                                      	UN	8715	8	87	871	8715		24570	2000	servicos.servicos
24589	Locação Sonda Perfuração e Produção                                                                                     	UN	7312	7	73	731	7312		24589	2000	servicos.servicos
24597	Manutenção - Planejamento de Serviços                                                                                   	UN	8399	8	83	839	8399		24597	2000	servicos.servicos
24600	Locação Sondas e Plataformas - Transhipment                                                                             	UN	7312	7	73	731	7312		24600	2000	servicos.servicos
24619	Estudos e Projetos - Base/Tancagens - Subterrânea                                                                       	UN	8332	8	83	833	8332		24619	2000	servicos.servicos
24627	Estudo e Projetos de Dutos Terrestres                                                                                   	UN	83349	8	83	833	8334	83349	24627	2000	servicos.servicos
24635	Estudos e Projetos de Dutos Marítimos                                                                                   	UN	8332	8	83	833	8332		24635	2000	servicos.servicos
24643	Estudos e Projetos de Terminais Marítimos                                                                               	UN	8332	8	83	833	8332		24643	2000	servicos.servicos
24651	Estudos e Projetos de Proteção Catódica                                                                                 	UN	8332	8	83	833	8332		24651	2000	servicos.servicos
24660	Estudos e Projetos - Base/Tancagem - Movimentação Produtos                                                              	UN	8332	8	83	833	8332		24660	2000	servicos.servicos
24678	Projetos de Sistemas de Geração e Distribuição de Vapor                                                                 	UN	8332	8	83	833	8332		24678	2000	servicos.servicos
24686	Operação de Veículo Submarino com Controle Remoto - ROV                                                                 	UN	83990	8	83	839	8399	83990	24686	2000	servicos.servicos
24694	Transporte Dutoviário                                                                                                   	UN	6441	6	64	644	6441		24694	2000	servicos.servicos
24708	Tratamento de Resíduos                                                                                                  	UNM3KG	942	9	94	942			24708	2000	servicos.servicos
24716	Serviços em Poços de Petróleo                                                                                           	UN	862	8	86	862			24716	2000	servicos.servicos
24724	Investimento Coligada/Controlada                                                                                        	UN	7155	7	71	715	7155		24724	2000	servicos.servicos
24732	Patrocínio                                                                                                              	UN	97990	9	97	979	9799	97990	24732	2000	servicos.servicos
24740	Doação                                                                                                                  	UN	97990	9	97	979	9799	97990	24740	2000	servicos.servicos
24759	Pesquisa e Desenvolvimento Tecnológico                                                                                  	UN	8399	8	83	839	8399		24759	2000	servicos.servicos
24767	Manutenção de Hidrovias                                                                                                 	UN	5459	5	54	545	5459		24767	2000	servicos.servicos
24775	Serviço de Transporte Hidroviário                                                                                       	UN	652	6	65	652			24775	2000	servicos.servicos
24783	Implantação / Remanejamento/ Infovia / Fibra Óptica                                                                     	UN	841	8	84	841			24783	2000	servicos.servicos
24791	Fornecimento de Passagem Fluvial                                                                                        	UN	6781	6	67	678	6781		24791	2000	servicos.servicos
24805	Serviço de Ajuste e Montagem de Peças e Produtos                                                                        	UN	893	8	89	893			24805	2000	servicos.servicos
24813	Serviços de Alvenaria                                                                                                   	UNM2	5456	5	54	545	5456		24813	2000	servicos.servicos
24821	Serviço de Fundição                                                                                                     	UN	893	8	89	893			24821	2000	servicos.servicos
24830	Transporte Marítimo/Costeiro e Transoceânico de Carga em Navios Tanques                                                 	UN	651	6	65	651			24830	2000	servicos.servicos
24848	Transporte Fluvial/Interior de Carga em Navios Tanques                                                                  	UN	652	6	65	652			24848	2000	servicos.servicos
24856	Transporte Ferroviário de Carga por Vagão Tanque                                                                        	UN	6422	6	64	642	6422		24856	2000	servicos.servicos
24864	Transporte Rodoviário de Carga por Caminhões Tanque ou Tanques Semi-Trailers                                            	UN	6433	6	64	643	6433		24864	2000	servicos.servicos
24872	Prestação de Serviços de Sinaleiro Ferroviário                                                                          	UN	8599	8	85	859	8599		24872	2000	servicos.servicos
24880	Manutenção Bafometro - Etilometro                                                                                       	UN	8715	8	87	871	8715		24880	2000	servicos.servicos
24899	Serviços Correlatos a Poços Profundos                                                                                   	UN	8399	8	83	839	8399		24899	2000	servicos.servicos
24902	Serviços de Plotagem                                                                                                    	UN	891	8	89	891			24902	2000	servicos.servicos
24910	Serviços de Praticagem e Atracação                                                                                      	UN	676	6	67	676			24910	2000	servicos.servicos
24929	Instalação / Montagem / Desmontagem - Tanque Combustível                                                                	UN	5469	5	54	546	5469		24929	2000	servicos.servicos
24937	Estudos e Projetos - Fontes Alternativas de Energia Elétrica                                                            	UN	83563	8	83	835	8356	83563	24937	2000	servicos.servicos
24945	Regeneração de Resina                                                                                                   	UN	8599	8	85	859	8599		24945	2000	servicos.servicos
24953	Fornecimento Passagem Ferroviária                                                                                       	UN	642	6	64	642			24953	2000	servicos.servicos
24961	Controle de Acesso - Bilheteiro                                                                                         	UN	8599	8	85	859	8599		24961	2000	servicos.servicos
24970	Serviços de Tecnologia da Informação e Apoio Técnico de Atividades de Informática                                       	UN	8399	8	83	839	8399		24970	2000	servicos.servicos
24988	Serviços de Suporte de Divulgação em Comunicação Social.                                                                	UN	836	8	83	836			24988	2000	servicos.servicos
24996	Serviços Acessórios e Complementares em Atividades de Administração, Recursos Humanos e Recursos Financeiros.           	UN	859	8	85	859			24996	2000	servicos.servicos
25003	Administração de Infra-estrutura de Perímetro Irrigado                                                                  	UN	8399	8	83	839	8399		25003	2000	servicos.servicos
25011	Gráfico - Confecção Tiquetes                                                                                            	UN	891	8	89	891			25011	2000	servicos.servicos
25020	Seguro Aeronaves                                                                                                        	UN	7131	7	71	713	7131		25020	2000	servicos.servicos
25038	"Fornecimento de Materiais Bibliográficos ""Inativo""                                                                      "	UN	6125	6	61	612	6125		25038	2000	servicos.servicos
25046	Serviço Auxiliar de Laboratório / Odontólogo                                                                            	UN	9312	9	93	931	9312		25046	2000	servicos.servicos
25054	Impressão Digital                                                                                                       	UN	891	8	89	891			25054	2000	servicos.servicos
25062	Confecção Estruturas Metálicas                                                                                          	UN	882	8	88	882			25062	2000	servicos.servicos
25070	Análise Microscopia Eletrônica de Varredura e Espectroscopiade Raios X                                                  	UN	9311	9	93	931	9311		25070	2000	servicos.servicos
25089	Locação de Veículos - Leves / Pesados / Com Motorista                                                                   	UN	7329	7	73	732	7329		25089	2000	servicos.servicos
25097	Recuperação de Munição                                                                                                  	UN	872	8	87	872			25097	2000	servicos.servicos
25100	Serviço Corte Papel                                                                                                     	UN	8399	8	83	839	8399		25100	2000	servicos.servicos
25119	Serviço de Cálculo / Desenho e Memorial Descritivo                                                                      	UN	835	8	83	835			25119	2000	servicos.servicos
25127	Manutenção Cofre                                                                                                        	UN	8399	8	83	839	8399		25127	2000	servicos.servicos
25135	Serviço Rede Comunicação Dados e Imagem                                                                                 	UN	1421	1	14	142	1421		25135	2000	servicos.servicos
25143	Serviço de Adestramento de Animais                                                                                      	UN	8399	8	83	839	8399		25143	2000	servicos.servicos
25151	Manutenção e Reparo de Material Esportivo / Brinquedo                                                                   	UN	8729	8	87	872	8729		25151	2000	servicos.servicos
25160	Manutenção e Recuperação de Capacete                                                                                    	UN	8399	8	83	839	8399		25160	2000	servicos.servicos
25178	Limpeza em Aparelho de  Ultrassom com Uso de Detergente Enzimático/Desoxidante.                                         	UN	871	8	87	871			25178	2500	servicos.servicos
25186	Treinamento em Fiscalização Aduaneira                                                                                   	UN	929	9	92	929			25186	2500	servicos.servicos
25194	Serviço Especializado de Limpeza                                                                                        	UNM2M3	8533	8	85	853	8533		25194	2500	servicos.servicos
25208	Transporte Aéreo - Cargas / Encomendas                                                                                  	UN	662	6	66	662			25208	2500	servicos.servicos
25216	Serviço de Revisão Automotiva                                                                                           	UN	8714	8	87	871	8714		25216	2500	servicos.servicos
25224	Recuperação de Distintivos e Insígnias                                                                                  	UN	8729	8	87	872	8729		25224	2500	servicos.servicos
25232	Pagamento Inscrição Eventos                                                                                             	UN	9290	9	92	929	9290		25232	2500	servicos.servicos
25240	Serviço de Confecção de capas / Coberturas                                                                              	UNM2	88121	8	88	881	8812	88121	25240	2500	servicos.servicos
25259	Remanejamento de Equipamento / Mobiliário                                                                               	UNHOMEM/H	8599	8	85	859	8599		25259	2500	servicos.servicos
25267	Manutenção / Reparo Máquina Gelo                                                                                        	UN	8715	8	87	871	8715		25267	2500	servicos.servicos
25275	Prestação de Serviços de Piloto de Aeronave                                                                             	HOMEM/H H	661	6	66	661			25275	2500	servicos.servicos
25283	Prestação de Serviços de Marcheteiro                                                                                    	HOMEM/H H	8724	8	87	872	8724		25283	2500	servicos.servicos
25291	CONVERSÃO DE FITA VHS PARA DVD                                                                                          	UN	8912	8	89	891	8912		25291	2500	servicos.servicos
25305	REPRODUÇÃO DE FITAS VHS                                                                                                 	UN	8912	8	89	891	8912		25305	2500	servicos.servicos
25313	REPRODUÇÃO DE FITAS VHS                                                                                                 	UN	8912	8	89	891	8912		25313	2500	servicos.servicos
25321	Instalação - Persianas Verticais/Horizontais                                                                            	M2	5469	5	54	546	5469		25321	2500	servicos.servicos
25330	Diagramação Eletrônica e Projeto Gráfico                                                                                	UN	8599	8	85	859	8599		25330	2500	servicos.servicos
25348	Exame Urológico                                                                                                         	UN	9312	9	93	931	9312		25348	2500	servicos.servicos
25356	Serviço de Lanternagem e Pintura                                                                                        	H	8711	8	87	871	8711		25356	2500	servicos.servicos
25364	Serviço de Vacinação                                                                                                    	UN	9319	9	93	931	9319		25364	2500	servicos.servicos
25372	Controle de Abastecimento de Veículos                                                                                   	UN	8599	8	85	859	8599		25372	2500	servicos.servicos
25380	Gráfico - Confecção Cédula Eleitoral                                                                                    	UN	8912	8	89	891	8912		25380	2500	servicos.servicos
25399	Serviço de Tratamento Fitossanitário / Fumigação / Impregnação química                                                  	UN	8399	8	83	839	8399		25399	2500	servicos.servicos
25402	"Fornecimento de Medicamento por Demanda, Tabelado, por deci são Judicial ""Inativo""                                      "	UN	61273	6	61	612	6127	61273	25402	2500	servicos.servicos
25410	Serviço de Rastreamento                                                                                                 	UN	8525	8	85	852	8525		25410	2500	servicos.servicos
25429	Locação Vaga Estacionamento / Atracadouro                                                                               	UN	7211	7	72	721	7211		25429	2500	servicos.servicos
25437	"Fornecimento de Frutas e Legumes ""Inativo""                                                                              "	UN	61221	6	61	612	6122	61221	25437	2500	servicos.servicos
25445	Construção Pista de Atletismo                                                                                           	UN	54270	5	54	542	5427	54270	25445	2500	servicos.servicos
25453	Manutenção em Obstáculo e Percurso de Pista de Atletismo                                                                	UN	54270	5	54	542	5427	54270	25453	2500	servicos.servicos
25461	Locação de Compressor de Ar                                                                                             	UN	7329	7	73	732	7329		25461	2500	servicos.servicos
25470	Serviço de Vistoria / Validação / Certificação                                                                          	UN	8399	8	83	839	8399		25470	2500	servicos.servicos
25488	Aluguel de Equipamentos Ópticos                                                                                         	H MÊS	7329	7	73	732	7329		25488	2500	servicos.servicos
25496	Exame Aortografia                                                                                                       	UN	9311	9	93	931	9311		25496	2500	servicos.servicos
25500	Distribuição de Leite                                                                                                   	UN	6329	6	63	632	6329		25500	2500	servicos.servicos
25518	Administração / Gerenciamento-Manutenção Veículo Automotivo                                                             	UN	851	8	85	851			25518	2500	servicos.servicos
25526	Salva-vidas                                                                                                             	UN	851	8	85	851			25526	2500	servicos.servicos
25534	Informática - Recuperação de Dados                                                                                      	UN	83160	8	83	831	8316	83160	25534	2500	servicos.servicos
25542	CONFECÇÃO LÂMINA LABORATORIAL                                                                                           	UN	881	8	88	881			25542	2500	servicos.servicos
25550	Serviços de Prevenção Combate Incêndio / Brigadista                                                                     	UN	8529	8	85	852	8529		25550	2500	servicos.servicos
25569	AQUISIÇÃO BONUS ELETRÔNICOS ACESSO SISTEMA ON-LINE                                                                      	UN	8912	8	89	891	8912		25569	2500	servicos.servicos
25577	33903916                                                                                                                	UN	5459	5	54	545	5459		25577	2500	servicos.servicos
25585	33904803                                                                                                                	UN	9290	9	92	929	9290		25585	2500	servicos.servicos
25593	Prestação de Serviço de Emissão de Bilhete de Passagem AéreaNacional - Menor Taxa de Serviço                            	OUTRAS	67811	6	67	678	6781	67811	25593	2500	servicos.servicos
25607	Prestação de Serviço de Emissão de Bilhete de Passagem AéreaInternacional - Menor Taxa de Serviço                       	OUTRAS	67811	6	67	678	6781	67811	25607	2500	servicos.servicos
25615	Prestação de Serviços Judiciários                                                                                       	UN	8211	8	82	821	8211		25615	2500	servicos.servicos
25623	Prestação Serviço Supervisor de Pessoal                                                                                 	UN	8599	8	85	859	8599		25623	2500	servicos.servicos
25631	Auxiliar de Serviços Técnicos                                                                                           	UN	8599	8	85	859	8599		25631	2500	servicos.servicos
25640	Locação Conteiner (Container)                                                                                           	UN	7329	7	73	732	7329		25640	2500	servicos.servicos
25658	Locação de Animais                                                                                                      	UN	7329	7	73	732	7329		25658	2500	servicos.servicos
25666	Prestação de Serviços de Camareira                                                                                      	UN	851	8	85	851			25666	2500	servicos.servicos
25674	Prestação de Serviços Artes Plásticas                                                                                   	UN	9632	9	96	963	9632		25674	2500	servicos.servicos
25682	Estudos e Projetos Agronomia                                                                                            	UN	861	8	86	861			25682	2500	servicos.servicos
25690	Estudos e Projetos Aeronaútico                                                                                          	UN	8399	8	83	839	8399		25690	2500	servicos.servicos
25704	Assistência Técnica Produção                                                                                            	UN	851	8	85	851			25704	2500	servicos.servicos
25712	Armador de ferragem                                                                                                     	UN	851	8	85	851			25712	2500	servicos.servicos
25720	Serviço Implatação de Infraestrutura                                                                                    	UN	8399	8	83	839	8399		25720	2500	servicos.servicos
25739	Prestação de Serviços de Técnico de Telecomunicações                                                                    	UN	841	8	84	841			25739	2500	servicos.servicos
25747	Exame Renal                                                                                                             	UN	9311	9	93	931	9311		25747	2500	servicos.servicos
25755	Cessão Uso Infraestrutura Rede Aérea / Subterrânea                                                                      	UN	8414	8	84	841	8414		25755	2500	servicos.servicos
25763	Fornecimento Passagem Rodoviária                                                                                        	UN	6431	6	64	643	6431		25763	2500	servicos.servicos
25771	Auditoria em Área Ambiental                                                                                             	UN	8399	8	83	839	8399		25771	2500	servicos.servicos
25780	Prestação de Serviços de Dublagem                                                                                       	UN	83910	8	83	839	8391	83910	25780	2500	servicos.servicos
25798	Exame Grafotécnico                                                                                                      	UN	8356	8	83	835	8356		25798	2500	servicos.servicos
25801	Gerenciamento de Plasma Excedente de Uso Transfusional                                                                  	UN	9311	9	93	931	9311		25801	2500	servicos.servicos
25810	Implantação / Manutenção Estação Hidrológica                                                                            	UN	8355	8	83	835	8355		25810	2500	servicos.servicos
25828	Contratação de Passagem Aérea Junto a Companhia Credenciada                                                             	UN	661	6	66	661			25828	2500	servicos.servicos
25836	radiografia obtida através de raios gama                                                                                	UN	9311	9	93	931	9311		25836	2500	servicos.servicos
25844	Transporte Aeroviário Valores                                                                                           	UN	662	6	66	662			25844	2500	servicos.servicos
25852	Desenvolvimento de Novo Software - Java                                                                                 	PFUST PPA HST SPT	1111	1	11	111	1111		25852	2500	servicos.servicos
25860	Desenvolvimento e/ou Evolução de Software - PHP                                                                         	PFUST PPA HST SPT	1111	1	11	111	1111		25860	2500	servicos.servicos
25879	Desenvolvimento e/ou evolução de software -FRAMEWORK .Net, CBasic, Asp, Delphi, Pascal E Perl.                          	PFUST PPA HST SPT	1111	1	11	111	1111		25879	2500	servicos.servicos
25887	Desenvolvimento e/ou evolução de software - Python                                                                      	PFUST PPA HST SPT	1111	1	11	111	1111		25887	2500	servicos.servicos
25895	Desenvolvimento e/ou evolução de software  - dispositivos móveis                                                        	PFUST PPA HST SPT	1111	1	11	111	1111		25895	2500	servicos.servicos
25909	Desenvolvimento e/ou evolução de software - Mainframe                                                                   	PFUST PPA HST SPT	1111	1	11	111	1111		25909	2500	servicos.servicos
25917	Desenvolvimento e/ou evolução de software  - Outras linguagens                                                          	PFUST PPA HST SPT	1111	1	11	111	1111		25917	2500	servicos.servicos
25925	Manutenção Evolutiva de  Software (Acréscimo de Novas Funcionalidades) - Java                                           	PFUST	1112	1	11	111	1112		25925	2500	servicos.servicos
25933	Manutenção Evolutiva de  Software (Acréscimo de Novas Funcionalidades) - Php                                            	PFUST	1112	1	11	111	1112		25933	2500	servicos.servicos
25941	Manutencao Evolutiva De  Software (Acrescimo De Novas Funcionalidades)-Framework.Net: C#,Visual Basic,Asp,Delphi, Pascal	PFUST	1112	1	11	111	1112		25941	2500	servicos.servicos
25950	ManutençãodEvolutiva de  Software (Acréscimo de Novas Funcionalidades) - Python                                         	PFUST	1112	1	11	111	1112		25950	2500	servicos.servicos
25968	Manutenção Evolutiva de  Software (Acréscimo de Novas Funcionalidades) - Dispositivos Móveis                            	PFUST	1112	1	11	111	1112		25968	2500	servicos.servicos
25976	Manutenção Evolutiva de  Software (Acréscimo de Novas Funcionalidades) - Mainframe                                      	PFUST	1112	1	11	111	1112		25976	2500	servicos.servicos
25984	Manutenção Evolutiva de  Software (Acréscimo de Novas Funcionalidades) - Outras Linguagens                              	PFUST	1112	1	11	111	1112		25984	2500	servicos.servicos
25992	Manutenção de Software (Corretiva, Preventiva, Adaptativa)                                                              	PFUST PPA HST SPT	1121	1	11	112	1121		25992	2500	servicos.servicos
26000	Sustentação de Software                                                                                                 	PFUST PFS PPA HST SPT PFM	1121	1	11	112	1121		26000	2500	servicos.servicos
26018	Documentação de Software                                                                                                	PFUST HST	1131	1	11	113	1131		26018	2500	servicos.servicos
26026	Engenharia de Requisitos de Software                                                                                    	PFUST PPA HST	1141	1	11	114	1141		26026	2500	servicos.servicos
26034	Mensuração de Software                                                                                                  	PFUST PPA HST	1151	1	11	115	1151		26034	2500	servicos.servicos
26042	Qualidade de Software                                                                                                   	PFUST PPA HST	1161	1	11	116	1161		26042	2500	servicos.servicos
26050	Infraestrutura como Servico - Iaas                                                                                      	UNUST USN	1311	1	13	131	1311		26050	2500	servicos.servicos
26069	Plataforma como Servico - Paas                                                                                          	UNUSN UST	1312	1	13	131	1312		26069	2500	servicos.servicos
26077	Software como Servico - Saas                                                                                            	UNUSN UST	1313	1	13	131	1313		26077	2500	servicos.servicos
26085	Taxa de Instalacao/Habilitação de Serviço de Telefonia STFC                                                             	UN	1411	1	14	141	1411		26085	2500	servicos.servicos
26093	Assinatura de DDR                                                                                                       	UN	1411	1	14	141	1411		26093	2500	servicos.servicos
26107	Assinatura de Ramal Telefonico                                                                                          	UN	1411	1	14	141	1411		26107	2500	servicos.servicos
26115	Chamadas Locais Fixo-Fixo STFC-Local-FF                                                                                 	MIN	1411	1	14	141	1411		26115	2500	servicos.servicos
26123	Chamadas Locais Fixo-Movel STFC-Local-FM (VC1)                                                                          	MIN	1411	1	14	141	1411		26123	2500	servicos.servicos
26131	Chamadas Nacionais Fixo-Fixo STFC-LDN-FF (Degraus 1 a 4)                                                                	MIN	1411	1	14	141	1411		26131	2500	servicos.servicos
26140	Chamadas Nacionais Fixo-Movel - STFC-LDN-FM (VC2 e VC3)                                                                 	MIN	1411	1	14	141	1411		26140	2500	servicos.servicos
26158	Chamadas Internacionais (LDI-STFC-FF) - Origem Fixo                                                                     	MIN	1413	1	14	141	1413		26158	2500	servicos.servicos
26166	Taxa de Instalação Link de Internet - STFC (Banda Larga)                                                                	UN	1411	1	14	141	1411		26166	2500	servicos.servicos
26174	Acesso a Internet - STFC (Banda Larga)                                                                                  	MBPS	1411	1	14	141	1411		26174	2500	servicos.servicos
26182	Assinatura de Linha Analógica                                                                                           	UN	1411	1	14	141	1411		26182	2500	servicos.servicos
26190	Taxa Instalacao do Serviço de Discagem Direta Gratuita (DDG)                                                            	UN	1411	1	14	141	1411		26190	2500	servicos.servicos
26204	Assinatura do Serviço de Discagem Direta Gratuita (DDG)                                                                 	UN	1411	1	14	141	1411		26204	2500	servicos.servicos
26212	Discagem Direta Gratuita (DDG) - Fixo Local                                                                             	MIN	1411	1	14	141	1411		26212	2500	servicos.servicos
26220	Discagem Direta Gratuita (DDG) - Fixo Inter-Estadual                                                                    	MIN	1411	1	14	141	1411		26220	2500	servicos.servicos
26239	Discagem Direta Gratuita (DDG) - Móvel Local                                                                            	MIN	1411	1	14	141	1411		26239	2500	servicos.servicos
26247	Discagem Direta Gratuita (DDG) - Móvel Inter-Estadual                                                                   	MIN	1411	1	14	141	1411		26247	2500	servicos.servicos
26255	Facilidades do Servico DDG (Comutado ou Dedicado)                                                                       	UN	1411	1	14	141	1411		26255	2500	servicos.servicos
26263	Outros Serviços de Telefonia Fixa Comutada (STFC - Outros)                                                              	UN	1411	1	14	141	1411		26263	2500	servicos.servicos
26271	Chamadas  Locais Móvel-Móvel  Intraoperadora SMP-Local-MM-IO(VC1)                                                       	MIN	1412	1	14	141	1412		26271	2500	servicos.servicos
26280	Chamadas  Locais Móvel-Móvel  Extraoperadora SMP-Local-MM-EO(VC1)                                                       	MIN	1412	1	14	141	1412		26280	2500	servicos.servicos
26298	Chamadas Locais Móvel-Fixo SMP-Local-MF (VC1)                                                                           	MIN	1412	1	14	141	1412		26298	2500	servicos.servicos
26301	Chamadas  Nacionais Móvel-Móvel Intraoperadora SMP-LDN-MM-IO(VC2 e VC3)                                                 	MIN	1412	1	14	141	1412		26301	2500	servicos.servicos
26310	Chamadas  Nacionais Móvel-Móvel Extraoperadora SMP-LDN-MM-EO(VC2 e VC3)                                                 	MIN	1412	1	14	141	1412		26310	2500	servicos.servicos
26328	Chamadas Nacionais Móvel-Fixo SMP-LDM-MF (VC2 e VC3)                                                                    	MIN	1412	1	14	141	1412		26328	2500	servicos.servicos
26336	Chamadas Internacionais (LDI-SMP-MF) - Origem Móvel                                                                     	MIN	1413	1	14	141	1413		26336	2500	servicos.servicos
26344	Acesso a Internet Móvel (Banda Larga)                                                                                   	GBASSINAT	1412	1	14	141	1412		26344	2500	servicos.servicos
26352	Mensagens de Texto (SMS)                                                                                                	UN	1412	1	14	141	1412		26352	2500	servicos.servicos
26360	Mensagens Multimídia (MMS)                                                                                              	UN	1412	1	14	141	1412		26360	2500	servicos.servicos
26379	Chip Avulso                                                                                                             	UN	1412	1	14	141	1412		26379	2500	servicos.servicos
26387	Pacote de Serviços SMP (Voz, Dados, SMS, Etc)                                                                           	UN	1412	1	14	141	1412		26387	2500	servicos.servicos
26395	Serviços de Gerência de Redes Móveis e de Usuários dessas Redes                                                         	UN	1412	1	14	141	1412		26395	2500	servicos.servicos
26409	Outros Serviços Móveis Pessoais                                                                                         	UN	1412	1	14	141	1412		26409	2500	servicos.servicos
26417	Chamadas Locais - Satélite                                                                                              	MIN	1414	1	14	141	1414		26417	2500	servicos.servicos
26425	Chamadas Nacionais (LDN) - Satélite                                                                                     	MIN	1414	1	14	141	1414		26425	2500	servicos.servicos
26433	Chamadas Internacionais (LDI) - Satélite                                                                                	MIN	1414	1	14	141	1414		26433	2500	servicos.servicos
26441	Acesso a Internet - Telefonia Satélite                                                                                  	MBPS	1414	1	14	141	1414		26441	2500	servicos.servicos
26450	Assinatura do Serviço de Telecomunicações - Satélite                                                                    	UN	1414	1	14	141	1414		26450	2500	servicos.servicos
26468	Serviços de Gerência de Redes Satelitais E Administração de seus Usuários                                               	UN	1414	1	14	141	1414		26468	2500	servicos.servicos
26476	Tráfego de Dados Via Cabo                                                                                               	MBPS	1421	1	14	142	1421		26476	2500	servicos.servicos
26484	Acesso a Internet Via Cabo                                                                                              	MBPS	1421	1	14	142	1421		26484	2500	servicos.servicos
26492	Infovia Brasília                                                                                                        	UN	1421	1	14	142	1421		26492	2500	servicos.servicos
26506	Serviço de Link Via Cabo                                                                                                	UN	1421	1	14	142	1421		26506	2500	servicos.servicos
26514	Tráfego de Dados Via Rádio                                                                                              	MBPS	1422	1	14	142	1422		26514	2500	servicos.servicos
26522	Acesso a Internet Via Rádio                                                                                             	MBPS	1422	1	14	142	1422		26522	2500	servicos.servicos
26530	Assinatura do Serviço de Link Via Rádio                                                                                 	UN	1422	1	14	142	1422		26530	2500	servicos.servicos
26549	Tráfego de Dados Via Satélite                                                                                           	MBPS	1423	1	14	142	1423		26549	2500	servicos.servicos
26557	Acesso a Internet Via Satélite                                                                                          	MBPS	1423	1	14	142	1423		26557	2500	servicos.servicos
26565	Assinatura do Serviço de Link Via Satélite                                                                              	UN	1423	1	14	142	1423		26565	2500	servicos.servicos
26573	Outsourcing de  Impressão - Páginas A4 - Monocromático - Dentro da Franquia sem Papel                                   	PAG/MÊS	1511	1	15	151	1511		26573	2500	servicos.servicos
26581	Outsourcing De Impressao - Paginas A4 - Monocromatico - Den tro da Franquia com Papel                                   	PAG/MÊS	1511	1	15	151	1511		26581	2500	servicos.servicos
26590	Outsourcing de  Impressão - Páginas A3 - Monocromático - Dentro da Franquia sem Papel                                   	PAG/MÊS	1511	1	15	151	1511		26590	2500	servicos.servicos
26603	Outsourcing de Impressão  - Páginas A3 - Monocromático - Dentro da Franquia com Papel                                   	PAG/MÊS	1511	1	15	151	1511		26603	2500	servicos.servicos
26611	Outsourcing de  Impressão - Páginas A4 - Policromático - Dentro da Franquia sem papel                                   	PAG/MÊS	1511	1	15	151	1511		26611	2500	servicos.servicos
26620	Outsourcing de  Impressão - Páginas A4 - Policromático - Dentro da Franquia com Papel                                   	PAG/MÊS	1511	1	15	151	1511		26620	2500	servicos.servicos
26638	Outsourcing de  Impressão - Páginas A3 - Policromático - Dentro da Franquia sem Papel                                   	PAG/MÊS	1511	1	15	151	1511		26638	2500	servicos.servicos
26646	Outsourcing de  Impressao - Páginas A3 - Policromático - Dentro da Franquia com Papel                                   	PAG/MÊS	1511	1	15	151	1511		26646	2500	servicos.servicos
26654	Outsourcing de Impressão - Páginas A4 - Monocromático - Excedente a Franquia sem Papel                                  	PAG.	1512	1	15	151	1512		26654	2500	servicos.servicos
26662	Outsourcing de Impressão - Páginas A4 - Monocromático - Excedente a Franquia com Papel                                  	PAG.	1512	1	15	151	1512		26662	2500	servicos.servicos
26670	Outsourcing de Impressão - Páginas A3 - Monocromático - Excedente a Franquia sem Papel                                  	PAG.	1512	1	15	151	1512		26670	2500	servicos.servicos
26689	Outsourcing de Impressão - Páginas A3 - Monocromático - Excedente a Franquia - com Papel                                	PAG.	1512	1	15	151	1512		26689	2500	servicos.servicos
26697	Outsourcing de Impressão - Páginas A4 - Policromático - Excedente a Franquia - sem Papel                                	PAG.	1512	1	15	151	1512		26697	2500	servicos.servicos
26700	Outsourcing de Impressão - Páginas A4 - Policromático - Excedente A Franquia - Com Papel                                	PAG.	1512	1	15	151	1512		26700	2500	servicos.servicos
26719	Outsourcing de Impressão - Páginas A3 - Policromático - Excedente a Franquia - sem Papel                                	PAG.	1512	1	15	151	1512		26719	2500	servicos.servicos
26727	Outsourcing de Impressão - Páginas A3 - Policromático - Excedente A Franquia - Com Papel                                	PAG.	1512	1	15	151	1512		26727	2500	servicos.servicos
26735	Outsourcing de  Impressão - Locação de Equipamento - Monocromático A4 até 30 PPM                                        	UN	1521	1	15	152	1521		26735	2500	servicos.servicos
26743	Outsourcing de  Impressão - Locação de Equipamento - Monocromático A4 de 31 a 45 PPM                                    	UN	1521	1	15	152	1521		26743	2500	servicos.servicos
26751	Outsourcing de  Impressão - Locação de Equipamento - Monocromático - A4 - Acima de 45 PPM                               	UN	1521	1	15	152	1521		26751	2500	servicos.servicos
26760	Outsourcing de  Impressão - Locação de Equipamento - Policromático A4 Até 25 PPM                                        	UN	1521	1	15	152	1521		26760	2500	servicos.servicos
26778	Outsourcing de  Impressão - Locação de Equipamento - Policromático Policromatico A4 - de 26 a 40 PPM                    	UN	1521	1	15	152	1521		26778	2500	servicos.servicos
26786	Outsourcing de  Impressão - Locação de Equipamento - Policromático A4 Acima de 40 PPM                                   	UN	1521	1	15	152	1521		26786	2500	servicos.servicos
26794	Outsourcing de  Impressão - Locação De Equipamento - Monocromático A3                                                   	UN	1521	1	15	152	1521		26794	2500	servicos.servicos
26808	Outsourcing de Impressão  - Locação De Equipamento - Policromático A3                                                   	UN	1521	1	15	152	1521		26808	2500	servicos.servicos
26816	Outsourcing de Impressão - Locação Páginas Impressas A4  SemPapel                                                       	PAG.	1522	1	15	152	1522		26816	2500	servicos.servicos
26824	Outsourcing de Impressão - Locação Páginas Impressas A4 Monocromática com Papel                                         	PAG.	1522	1	15	152	1522		26824	2500	servicos.servicos
26832	Outsourcing de Impressão - Locação Páginas Impressas A3 Monocromática sem Papel                                         	PAG.	1522	1	15	152	1522		26832	2500	servicos.servicos
26840	Outsourcing de Impressão - Locação Páginas Impressas A3 Monocromática A3 com Papel                                      	PAG.	1522	1	15	152	1522		26840	2500	servicos.servicos
26859	Outsourcing de Impressão - Locação Páginas Impressas A4 Policromática sem Papel                                         	PAG.	1522	1	15	152	1522		26859	2500	servicos.servicos
26867	Outsourcing de Impressão - Locação Páginas Impressas A4 Policromática com Papel                                         	PAG.	1522	1	15	152	1522		26867	2500	servicos.servicos
26875	Outsourcing de Impressão - Locação Páginas Impressas A3 Policromática sem Papel                                         	PAG.	1522	1	15	152	1522		26875	2500	servicos.servicos
26883	Outsourcing de Impressão - Locação Páginas Impressas A3 Policromática com Papel                                         	PAG.	1522	1	15	152	1522		26883	2500	servicos.servicos
26891	Outsourcing De Impressão - Sem Franquia - Páginas Impressas Click A4 Monocromática Sem Papel                            	PAG.	1531	1	15	153	1531		26891	2500	servicos.servicos
26905	Outsourcing De Impressão - Sem Franquia - Páginas Impressas Click A4 Monocromática com Papel                            	PAG.	1531	1	15	153	1531		26905	2500	servicos.servicos
26913	Outsourcing De Impressão - Sem Franquia - Páginas Impressas Click A3 Monocromática Sem Papel                            	PAG.	1531	1	15	153	1531		26913	2500	servicos.servicos
26921	Outsourcing De Impressão - Sem Franquia - Páginas Impressas Click A3 Monocromática com Papel                            	PAG.	1531	1	15	153	1531		26921	2500	servicos.servicos
26930	Outsourcing De Impressão - Sem Franquia - Páginas Impressas Click A4 Policromática sem Papel                            	PAG.	1531	1	15	153	1531		26930	2500	servicos.servicos
26948	Outsourcing De Impressão - sem Franquia - Páginas Impressas Click A4 Policromática com Papel                            	PAG.	1531	1	15	153	1531		26948	2500	servicos.servicos
26956	Outsourcing De Impressão - sem Franquia - Páginas Impressas Click A3 Policromática sem Papel                            	PAG.	1531	1	15	153	1531		26956	2500	servicos.servicos
26964	Outsourcing De Impressão - sem Franquia - Páginas Impressas Click A3 Policromática com Papel                            	PAG.	1531	1	15	153	1531		26964	2500	servicos.servicos
26972	Serviços de Instalação, Transição e Configuração / Parametrização de Software                                           	PFUST	1611	1	16	161	1611		26972	2500	servicos.servicos
26980	Central de Serviços de TIC                                                                                              	UST VAL/MÊS CHAMADO	1621	1	16	162	1621		26980	2500	servicos.servicos
26999	Serviços de Gerenciamento  de Redes de Tecnologia da Informação e Comunicação (TIC)                                     	UST	1621	1	16	162	1621		26999	2500	servicos.servicos
27006	Serviços de Gerenciamento de Sistemas Computacionais                                                                    	UST	1621	1	16	162	1621		27006	2500	servicos.servicos
27014	Serviços de Gerenciamento de Infraestrutura de Tecnologia daInformação e Comunicação (TIC)                              	UST UN	1621	1	16	162	1621		27014	2500	servicos.servicos
27022	Outros Serviços de  Gerenciamento de Infraestrutura De Tecnologia da Informação e Comunicação (TIC)                     	UST UNTB	1621	1	16	162	1621		27022	2500	servicos.servicos
27030	Serviços Hospedagem de Sítios na Rede Mundial Computadores                                                              	UST UN	1631	1	16	163	1631		27030	2500	servicos.servicos
27049	Serviços de Hospedagem de Aplicativos e Programas                                                                       	UST UN	1631	1	16	163	1631		27049	2500	servicos.servicos
27057	Serviços de Hospedagem de Dados                                                                                         	UST UN	1631	1	16	163	1631		27057	2500	servicos.servicos
27065	Serviços de Hospedagem de Sistemas                                                                                      	UST UN	1631	1	16	163	1631		27065	2500	servicos.servicos
27073	Outros Serviços de Hospedagem em  Tecnologia da Informação eComunicação (TIC)                                           	UST UN	1631	1	16	163	1631		27073	2500	servicos.servicos
27081	Serviços de Integração de  Sistemas em Tecnologia da Informação e Comunicação (TIC)                                     	UST UN	1641	1	16	164	1641		27081	2500	servicos.servicos
27090	Outros Serviços para a Infraestrutura de Tecnologia da Informação e Comunicação (TIC)                                   	UST M	1651	1	16	165	1651		27090	2500	servicos.servicos
27103	Serviços de Manutenção e Reparação de Computadores e seus Periféricos                                                   	UN	1661	1	16	166	1661		27103	2500	servicos.servicos
27111	Serviços de Instalação de Computadores e seus Periféricos                                                               	UN	1661	1	16	166	1661		27111	2500	servicos.servicos
27120	Serviços de Manutenção de  Equipamentos de Comunicação de Dados e Comutação Telefônica                                  	UN	1661	1	16	166	1661		27120	2500	servicos.servicos
27138	Serviços de Manutenção de Impressoras, Copiadoras, Plotter e Scanners                                                   	UN	1661	1	16	166	1661		27138	2500	servicos.servicos
27146	Emissão de Certificado Digital A1 para Pessoa Física                                                                    	UN	1671	1	16	167	1671		27146	2500	servicos.servicos
27154	Emissão de Certificado Digital A1 Mobile para Pessoa Física                                                             	UN	1671	1	16	167	1671		27154	2500	servicos.servicos
27162	Emissão de Certificado Digital A1 para Pessoa Jurídica                                                                  	UN	1671	1	16	167	1671		27162	2500	servicos.servicos
27170	Emissão de Certificado Digital A1 para Equipamento Servidor                                                             	UN	1671	1	16	167	1671		27170	2500	servicos.servicos
27189	Emissão de Certificado Digital A3, com Token Pessoa Física                                                              	UN	1672	1	16	167	1672		27189	2500	servicos.servicos
27197	Emissão de Certificado Digital A3, com Token Pessoa Jurídica                                                            	UN	1672	1	16	167	1672		27197	2500	servicos.servicos
27200	Emissão de Certificado Digital A3, com Token para  Equipamento Servidor                                                 	UN	1672	1	16	167	1672		27200	2500	servicos.servicos
27219	Emissão de Certificado Digital A3, sem Token Pessoa   Física                                                            	UN	1673	1	16	167	1673		27219	2500	servicos.servicos
27227	Emissão de Certificado Digital A3, sem Token Pessoa Jurídica                                                            	UN	1673	1	16	167	1673		27227	2500	servicos.servicos
27235	Emissão de Certificado Digital A3, sem Token para  Equipamento Servidor                                                 	UN	1673	1	16	167	1673		27235	2500	servicos.servicos
27243	Emissão de Outros Tipos de Certificados com Token                                                                       	UN	1674	1	16	167	1674		27243	2500	servicos.servicos
27251	Emissão de Outros Tipos de Certificados sem Token                                                                       	UN	1674	1	16	167	1674		27251	2500	servicos.servicos
27260	Serviços Auxiliares de Tecnologia Informação e Comunicação                                                              	UNM	1681	1	16	168	1681		27260	2500	servicos.servicos
27278	Serviços de Digitalização / Indexação de Documentos                                                                     	UN	1682	1	16	168	1682		27278	2500	servicos.servicos
27286	Serviços de Leitura Ótica / Conversão de Arquivos Digitais -OCR                                                         	UN	1682	1	16	168	1682		27286	2500	servicos.servicos
27294	Serviços de  Gerenciamento  Eletrônico de Documentos (GED) eworkflow                                                    	H PFUST UN	1711	1	17	171	1711		27294	2500	servicos.servicos
27308	Serviço Especializado de Business Inteligence (BI)                                                                      	H PFUST UN	1711	1	17	171	1711		27308	2500	servicos.servicos
27316	Serviços Especializados de Geoprocessamento                                                                             	H PFUST UN	1711	1	17	171	1711		27316	2500	servicos.servicos
27324	Serviços de Pesquisa, Análise e Desenvolvimento em Tecnologia Informação e Comunicação (TIC)                            	H PFUST UN	1721	1	17	172	1721		27324	2500	servicos.servicos
27332	Serviços de Consultoria em Tecnologia da Informação e Comunicação (TIC)                                                 	H PFUST	1731	1	17	173	1731		27332	2500	servicos.servicos
27340	Serviços de Consultoria em  Segurança de Tecnologia da Informação e Comunicação (TIC)                                   	H PFUST	1731	1	17	173	1731		27340	2500	servicos.servicos
27359	Serviços  de Projeto de  Redes de Tecnologia da Informação EComunicação (TIC)                                           	UNUST	1741	1	17	174	1741		27359	2500	servicos.servicos
27367	Serviços de Projeto de Topografias de Circuitos Integrados                                                              	UNUST	1741	1	17	174	1741		27367	2500	servicos.servicos
27375	Serviços de Projeto de Circuitos Integrados                                                                             	UNUST	1741	1	17	174	1741		27375	2500	servicos.servicos
27383	Arrendamento Mercantil Financeiro de Servidor / Storage (Leasing)                                                       	UN	1811	1	18	181	1811		27383	2500	servicos.servicos
27391	Arrendamento Mercantil  Financeiro de Equipamentos de Telecomunicações (Leasing)                                        	UN	1811	1	18	181	1811		27391	2500	servicos.servicos
27405	Locação De Estação de  Trabalho - Arrendamento Mercantil Operacional de Máquinas e Equipamentos, sem Operador           	UN	1812	1	18	181	1812		27405	2500	servicos.servicos
27413	Locação de Equipamento Servidor/Storage- Arrendamento Mercantil Operacional de Máquinas e Equipamentos, sem Operador    	UN	1812	1	18	181	1812		27413	2500	servicos.servicos
27421	Locação de Equipamento de Telecomunicações- Arrendamento Mercantil Operacional De Maquinas E Equipamentos, Sem Operador 	UN	1812	1	18	181	1812		27421	2500	servicos.servicos
27430	Locação de Equipamento de Controle de Acesso Pessoal - Arrendamento Mercantil Operacional De Equipamentos, Sem Operador 	UN	1812	1	18	181	1812		27430	2500	servicos.servicos
27448	Locação de Outros  Equipamentos de TIC - Arrendamento Mercantil Operacional De Maquinas E Equipamentos, Sem Operador    	UN	1812	1	18	181	1812		27448	2500	servicos.servicos
27456	Licenciamento de Direitos Permanentes  de  Uso  de  Softwarepara Estação de Trabalho                                    	UN	1821	1	18	182	1821		27456	2500	servicos.servicos
27464	Licenciamento de Direitos Permanentes  de  Uso  de  Softwarepara Servidor                                               	UN	1821	1	18	182	1821		27464	2500	servicos.servicos
27472	Licenciamento de Direitos  Permanentes de Uso de Outros Softwares / Programas de Computador                             	UN	1821	1	18	182	1821		27472	2500	servicos.servicos
27480	Licenciamento de Direitos de Produção, Distribuição ou Comercialização de Programas de Computador                       	UN	1821	1	18	182	1821		27480	2500	servicos.servicos
27499	Licenciamento de Outros Direitos Permanentes sobre Programasde Computador                                               	UN	1821	1	18	182	1821		27499	2500	servicos.servicos
27502	Cessão Temporária de Direitos Sobre Programas de Computador Locação de Software                                         	UN	1821	1	18	182	1821		27502	2500	servicos.servicos
27510	Contratos de  Prestação de Serviços de Assistência Técnica eCientífica                                                  	UN	1822	1	18	182	1822		27510	2500	servicos.servicos
27529	Contratos de Transferência de Tecnologia (KNOW-HOW)                                                                     	UN	1822	1	18	182	1822		27529	2500	servicos.servicos
27537	Outros Contratos de Transferência de Tecnologia                                                                         	UN	1822	1	18	182	1822		27537	2500	servicos.servicos
27545	Cessão de Direitos de Propriedade Intelectual sobre Programade Computador                                               	UN	1831	1	18	183	1831		27545	2500	servicos.servicos
27553	Cessão de Direitos Sobre Topografias de Circuitos Integrados                                                            	UN	8399	8	83	839	8399		27553	2500	servicos.servicos
27561	"Cessão de Outros Direitos de Propriedade Intelectual, Não Especificados Em Outros Itens ""Inativo""                       "	UN	97990	9	97	979	9799	97990	27561	2500	servicos.servicos
27570	serviço de instalação  / montagem  / remanejamento e Manutenção de rede local de computadores                           	PT/REDE M	8729	8	87	872	8729		27570	2500	servicos.servicos
27588	Serviço de Hospedagem de Sistema de Correio Eletrônico                                                                  	UNGBCX.POST	1631	1	16	163	1631		27588	2500	servicos.servicos
27596	Serviços Especializados em Modelagem de Processos - BPM                                                                 	UNUST H HST	831	8	83	831			27596	2500	servicos.servicos
27600	Prestação de  Serviços de  Impressão - Grande Formato (A0) -Envolvendo Equipamento / Suprimento                         	CÓPIA UN	8594	8	85	859	8594		27600	2500	servicos.servicos
27618	Aluguel de Impressora / Multifuncional / Plotter /Scanner                                                               	UN	1812	1	18	181	1812		27618	2500	servicos.servicos
27626	Arrendamento Mercantil Financeiro de Computadores (Leasing)                                                             	UN	1811	1	18	181	1811		27626	2500	servicos.servicos
27634	Chamadas Internacionais (LDI-STFC-FM) - Origem Fixo                                                                     	MIN	1413	1	14	141	1413		27634	2500	servicos.servicos
27642	Chamadas Internacionais (LDI-SMP-MM) - Origem Móvel                                                                     	MIN	1413	1	14	141	1413		27642	2500	servicos.servicos
27650	Chamadas Internacionais (LDI-STFC/SMP-FM/F) - Destino Fixo                                                              	MIN	1413	1	14	141	1413		27650	2500	servicos.servicos
27669	Chamadas Internacionais (LDI-STFC/SMP-FM/M) - Destino Móvel                                                             	MIN	1413	1	14	141	1413		27669	2500	servicos.servicos
27677	locação de equipamento gráfico                                                                                          	UN	7327	7	73	732	7327		27677	2500	servicos.servicos
27685	Serviço de Almoxarifado  Virtual de Material de Consumo Administrativo - Gerenciamento de Meios Logísticos              	UN	839	8	83	839			27685	2500	servicos.servicos
27693	Adicional de Chamadas  -  Ligacoes Recebidas Fora da Área deMobilidade - Dentro da Área da Operadora (SMP AD1-IO)       	MIN	1412	1	14	141	1412		27693	2500	servicos.servicos
27707	Adicional de Chamadas  -  Ligacoes Recebidas Fora da Área deMobilidade - Fora da Área da Operadora (SMP AD2-EO)         	MIN	1412	1	14	141	1412		27707	2500	servicos.servicos
27715	Serviço de Deslocamento - Ligações Recebida Fora da Área  deMobilidade - Dentro da Área de Numeração Primária (SMP DSL1)	MIN	1412	1	14	141	1412		27715	2500	servicos.servicos
27723	Serviço de Deslocamento - Ligações Recebida Fora da Área  deMobilidade - Fora da Área de Numeração Primária (SMP DSL2)  	MIN	1412	1	14	141	1412		27723	2500	servicos.servicos
27731	Assinatura de Entroncamento Digital Bidirecional E1                                                                     	UN	1411	1	14	141	1411		27731	2500	servicos.servicos
27740	Serviços de Garantia de Equipamentos de TIC                                                                             	UNMÊS	1661	1	16	166	1661		27740	2500	servicos.servicos
27758	Serviços Especializados  de Disponibilização de Cópias de Segurança de Dados (Backup como serviço)                      	UST UNH TB/M	1621	1	16	162	1621		27758	2500	servicos.servicos
27766	Arrendamento Mercantil Financeiro de Impressora / Multifuncional / Plotter (Leasing)                                    	UN	1811	1	18	181	1811		27766	2500	servicos.servicos
27774	Permissão de Serviço Público                                                                                            	UN	979	9	97	979			27774	2500	servicos.servicos
27782	Prestação de Serviço de Limpeza e Conservação - Áreas  Internas- 44 Horas Semanais Diurnas - Produtividade 800 a 1200 M2	M2	853	8	85	853			27782	2500	servicos.servicos
27790	Manutenção de Material Rolante (Rodas e Lagartas) - Veículos leves, Pesados e Mecanizados                               	UN	8714	8	87	871	8714		27790	2500	servicos.servicos
27804	Glicemia - Sistema monitorização clicêmico com infusão continua de insulina                                             	UN	931	9	93	931			27804	2500	servicos.servicos
27812	Instalação e Montagem / Desmontagem - Remanejamento com TraNSPORTE DE MAQUINAS / EQUIPAMENTOS                           	UN	8739	8	87	873	8739		27812	2500	servicos.servicos
27820	Acesso à Internet Móvel (Banda Larga) - inativado                                                                       	UN	1412	1	14	141	1412		27820	2500	servicos.servicos
27839	Chamadas Internacionais (LDI-STFC-FFM) - Origem Fixo                                                                    	MIN	1413	1	14	141	1413		27839	2500	servicos.servicos
